-- phpMyAdmin SQL Dump
-- version 5.2.1
-- https://www.phpmyadmin.net/
--
-- Host: 127.0.0.1:3306
-- Generation Time: Nov 17, 2025 at 07:18 PM
-- Server version: 9.1.0
-- PHP Version: 8.3.14

SET SQL_MODE = "NO_AUTO_VALUE_ON_ZERO";
START TRANSACTION;
SET time_zone = "+00:00";


/*!40101 SET @OLD_CHARACTER_SET_CLIENT=@@CHARACTER_SET_CLIENT */;
/*!40101 SET @OLD_CHARACTER_SET_RESULTS=@@CHARACTER_SET_RESULTS */;
/*!40101 SET @OLD_COLLATION_CONNECTION=@@COLLATION_CONNECTION */;
/*!40101 SET NAMES utf8mb4 */;

--
-- Database: `threadly`
--

-- --------------------------------------------------------

--
-- Table structure for table `comment_likes`
--

DROP TABLE IF EXISTS `comment_likes`;
CREATE TABLE IF NOT EXISTS `comment_likes` (
  `comment_like_id` int NOT NULL AUTO_INCREMENT,
  `userid` varchar(250) COLLATE utf8mb4_general_ci NOT NULL,
  `commentid` int NOT NULL,
  `createdAt` datetime DEFAULT CURRENT_TIMESTAMP,
  PRIMARY KEY (`comment_like_id`),
  KEY `userid` (`userid`),
  KEY `commentid` (`commentid`)
) ENGINE=InnoDB AUTO_INCREMENT=150 DEFAULT CHARSET=utf8mb4 COLLATE=utf8mb4_general_ci;

--
-- Dumping data for table `comment_likes`
--

INSERT INTO `comment_likes` (`comment_like_id`, `userid`, `commentid`, `createdAt`) VALUES
(93, 'Mysterious_being', 814, '2025-07-26 08:12:00'),
(113, 'kaluadon', 1540, '2025-10-07 17:13:19'),
(120, 'Mysterious_being', 1544, '2025-11-05 00:10:00'),
(121, 'Mysterious_being', 90, '2025-11-05 00:25:10'),
(122, 'Er_Rashid_xyz', 79, '2025-11-05 14:52:58'),
(123, 'Er_Rashid_xyz', 578, '2025-11-05 14:52:59'),
(124, 'Er_Rashid_xyz', 580, '2025-11-05 14:53:00'),
(125, 'Er_Rashid_xyz', 579, '2025-11-05 14:53:00'),
(128, 'Er_Rashid_xyz', 581, '2025-11-05 14:53:05'),
(129, 'Er_Rashid_xyz', 89, '2025-11-05 14:54:23'),
(131, 'Er_Rashid_xyz', 737, '2025-11-05 14:56:00'),
(132, 'Er_Rashid_xyz', 736, '2025-11-05 14:56:00'),
(133, 'Er_Rashid_xyz', 734, '2025-11-05 14:56:01'),
(134, 'Er_Rashid_xyz', 735, '2025-11-05 14:56:02'),
(135, 'Er_Rashid_xyz', 733, '2025-11-05 14:56:03'),
(136, 'Er_Rashid_xyz', 96, '2025-11-07 17:17:55'),
(137, 'Er_Rashid_xyz', 1553, '2025-11-08 02:01:31'),
(138, 'Er_Rashid_xyz', 1552, '2025-11-08 02:01:32'),
(139, 'Er_Rashid_xyz', 1543, '2025-11-08 02:01:33'),
(140, 'Er_Rashid_xyz', 1555, '2025-11-08 02:03:02'),
(141, 'Er_Rashid_xyz', 1556, '2025-11-09 14:12:03'),
(142, 'Er_Rashid_xyz', 83, '2025-11-09 14:12:05'),
(144, 'Er_Rashid_xyz', 1558, '2025-11-12 15:07:19'),
(145, 'Er_Rashid_xyz', 1559, '2025-11-12 15:07:54'),
(146, 'Mysterious_being', 1559, '2025-11-12 15:07:57'),
(147, 'Mysterious_being', 1558, '2025-11-12 15:08:00'),
(148, 'Er_Rashid_xyz', 1561, '2025-11-13 02:01:48'),
(149, 'Er_Rashid_xyz', 1560, '2025-11-13 02:01:50');

-- --------------------------------------------------------

--
-- Table structure for table `followers`
--

DROP TABLE IF EXISTS `followers`;
CREATE TABLE IF NOT EXISTS `followers` (
  `followid` int NOT NULL AUTO_INCREMENT,
  `followerid` varchar(250) COLLATE utf8mb4_general_ci NOT NULL,
  `followingid` varchar(250) COLLATE utf8mb4_general_ci NOT NULL,
  `createdAt` datetime DEFAULT CURRENT_TIMESTAMP,
  `isApproved` tinyint(1) DEFAULT '0',
  PRIMARY KEY (`followid`),
  KEY `followerid` (`followerid`),
  KEY `followingid` (`followingid`)
) ENGINE=InnoDB AUTO_INCREMENT=125 DEFAULT CHARSET=utf8mb4 COLLATE=utf8mb4_general_ci;

--
-- Dumping data for table `followers`
--

INSERT INTO `followers` (`followid`, `followerid`, `followingid`, `createdAt`, `isApproved`) VALUES
(76, 'kaluadon', 'Er_Rashid_xyz', '2025-10-16 00:55:18', 1),
(78, 'Mysterious_being', 'kaluadon', '2025-10-26 17:48:44', 1),
(82, 'kaluadon', 'Mysterious_being', '2025-11-07 16:59:26', 1),
(90, 'Er_Rashid_xyz', 'kaluadon', '2025-11-07 17:28:33', 1),
(117, 'Mysterious_being', 'Er_Rashid_xyz', '2025-11-14 17:27:31', 1),
(124, 'Er_Rashid_xyz', 'Mysterious_being', '2025-11-18 00:42:43', 1);

-- --------------------------------------------------------

--
-- Table structure for table `imagepost`
--

DROP TABLE IF EXISTS `imagepost`;
CREATE TABLE IF NOT EXISTS `imagepost` (
  `postid` int NOT NULL AUTO_INCREMENT,
  `userid` varchar(250) COLLATE utf8mb4_general_ci NOT NULL,
  `imageurl` text COLLATE utf8mb4_general_ci NOT NULL,
  `caption` text COLLATE utf8mb4_general_ci,
  `created_at` datetime DEFAULT CURRENT_TIMESTAMP,
  `type` tinytext COLLATE utf8mb4_general_ci NOT NULL,
  PRIMARY KEY (`postid`),
  KEY `userid` (`userid`)
) ENGINE=InnoDB AUTO_INCREMENT=176 DEFAULT CHARSET=utf8mb4 COLLATE=utf8mb4_general_ci;

--
-- Dumping data for table `imagepost`
--

INSERT INTO `imagepost` (`postid`, `userid`, `imageurl`, `caption`, `created_at`, `type`) VALUES
(34, 'kaluadon', 'https://res.cloudinary.com/dphwlcyhg/video/upload/v1753171470/o0ou97qkfthyf9txhd9f.mp4', 'ai 😂🤣', '2025-07-22 13:34:30', 'video'),
(36, 'kaluadon', 'https://res.cloudinary.com/dphwlcyhg/image/upload/v1753172717/yaevdkjs6hwdvty9rqgf.webp', 'developer saheb', '2025-07-22 13:55:17', 'image'),
(38, 'kaluadon', 'https://res.cloudinary.com/dphwlcyhg/video/upload/v1753199740/rvgvvzijz6xcrkyot8oy.mp4', 'beautiful naath sarif', '2025-07-22 21:25:41', 'video'),
(39, 'kaluadon', 'https://res.cloudinary.com/dphwlcyhg/video/upload/v1753238246/dctoqtnxsredm1mzew8d.mp4', 'kya baat hai waah', '2025-07-23 08:07:26', 'video'),
(40, 'kaluadon', 'https://res.cloudinary.com/dphwlcyhg/video/upload/v1753239733/qljd8vf1zys3t8hgbzk4.mp4', 'puri tiyari hai', '2025-07-23 08:32:13', 'video'),
(43, 'kaluadon', 'https://res.cloudinary.com/dphwlcyhg/video/upload/v1753254833/lrapdhdxqtvqcahr5y7n.mp4', 'ab hogi bakaiti full on 😜😂', '2025-07-23 12:43:53', 'video'),
(44, 'kaluadon', 'https://res.cloudinary.com/dphwlcyhg/video/upload/v1753255381/in71smkf1szr7z5tby62.mp4', 'your phone is linging', '2025-07-23 12:53:01', 'video'),
(45, 'kaluadon', 'https://res.cloudinary.com/dphwlcyhg/video/upload/v1753258565/wwkzcd3efd26fnfnzctw.mp4', 'English speaking is a rice plate eating 😂', '2025-07-23 13:46:05', 'video'),
(46, 'kaluadon', 'https://res.cloudinary.com/dphwlcyhg/video/upload/v1753259286/qlehliesjjseopeuiqoj.mp4', 'mai block karungi 😂😂', '2025-07-23 13:58:05', 'video'),
(47, 'kaluadon', 'https://res.cloudinary.com/dphwlcyhg/video/upload/v1753259466/m2z0kl1r2wwpmtwvayv8.mp4', '🤣🤣🤣🤣🤣', '2025-07-23 14:01:06', 'video'),
(49, 'kaluadon', 'https://res.cloudinary.com/dphwlcyhg/video/upload/v1753259612/it9oykb0gxckm1jyowln.mp4', 'ego', '2025-07-23 14:03:32', 'video'),
(50, 'kaluadon', 'https://res.cloudinary.com/dphwlcyhg/video/upload/v1753259730/i21nqazq8ongrv2p9sn6.mp4', 'ek baar dila de', '2025-07-23 14:05:30', 'video'),
(51, 'kaluadon', 'https://res.cloudinary.com/dphwlcyhg/video/upload/v1753260160/nnby0wbqu6fkt9v70vvz.mp4', 'the reality', '2025-07-23 14:12:40', 'video'),
(52, 'kaluadon', 'https://res.cloudinary.com/dphwlcyhg/video/upload/v1753260270/gggmmj8ecrm9gammtvix.mp4', NULL, '2025-07-23 14:14:30', 'video'),
(53, 'kaluadon', 'https://res.cloudinary.com/dphwlcyhg/image/upload/v1753295942/prnykx9harlpfj5fmxfd.jpg', '💀', '2025-07-24 00:09:03', 'image'),
(54, 'kaluadon', 'https://res.cloudinary.com/dphwlcyhg/video/upload/v1753296021/ywz3pacoq9oq12u0uxhx.mp4', 'me and my friends 😂🤣', '2025-07-24 00:10:22', 'video'),
(55, 'kaluadon', 'https://res.cloudinary.com/dphwlcyhg/video/upload/v1753296405/vpdtpscpfppjh3xskrqm.mp4', 'mujhe mat dikhaya karo', '2025-07-24 00:16:46', 'video'),
(56, 'kaluadon', 'https://res.cloudinary.com/dphwlcyhg/video/upload/v1753296767/tjw084a4iivieh71ykzr.mp4', 'when your dreams are crushed by your responsibility 🥺🥺', '2025-07-24 00:22:48', 'video'),
(57, 'kaluadon', 'https://res.cloudinary.com/dphwlcyhg/image/upload/v1753297013/akylixtv3aqrsnnzhph6.jpg', 'momos', '2025-07-24 00:26:54', 'image'),
(58, 'kaluadon', 'https://res.cloudinary.com/dphwlcyhg/video/upload/v1753297199/erjyzj85uglju0nop5ia.mp4', NULL, '2025-07-24 00:30:01', 'video'),
(59, 'kaluadon', 'https://res.cloudinary.com/dphwlcyhg/video/upload/v1753297296/bmqmqtw9dmujx40vpqod.mp4', 'bat karne aana chahiyea', '2025-07-24 00:31:38', 'video'),
(60, 'kaluadon', 'https://res.cloudinary.com/dphwlcyhg/video/upload/v1753297446/a9amdl5y4e9i2phc2ou6.mp4', 'true words', '2025-07-24 00:34:07', 'video'),
(61, 'Mysterious_being', 'https://res.cloudinary.com/dphwlcyhg/video/upload/v1753299096/olefckunt1ap9ctmuvq8.mp4', '😂😂😂🤣', '2025-07-24 01:01:37', 'video'),
(62, 'Mysterious_being', 'https://res.cloudinary.com/dphwlcyhg/video/upload/v1753299657/fjs4tbhxcbn4fk9d0sgf.mp4', NULL, '2025-07-24 01:10:58', 'video'),
(64, 'Mysterious_being', 'https://res.cloudinary.com/dphwlcyhg/video/upload/v1753325634/hsreqzi3eruuxf51u6m4.mp4', 'i didnt', '2025-07-24 08:23:55', 'video'),
(65, 'Mysterious_being', 'https://res.cloudinary.com/dphwlcyhg/video/upload/v1753326109/vdoo7hdfp9flpej6ezbo.mp4', 'rel diya jaega', '2025-07-24 08:31:50', 'video'),
(66, 'Mysterious_being', 'https://res.cloudinary.com/dphwlcyhg/video/upload/v1753344462/eqct2h4kmkg7p5ze91i1.mp4', 'she wasn\'t expecting a real camera 😂', '2025-07-24 13:37:44', 'video'),
(67, 'Mysterious_being', 'https://res.cloudinary.com/dphwlcyhg/video/upload/v1753344494/edeh6euc3gkbuwued6u1.mp4', 'that\'s why you don\'t wear baggy while horse riding', '2025-07-24 13:38:16', 'video'),
(68, 'Mysterious_being', 'https://res.cloudinary.com/dphwlcyhg/video/upload/v1753344602/ogxlsx5t75f9qvqhqkzm.mp4', 'cats song🤣', '2025-07-24 13:40:04', 'video'),
(69, 'Mysterious_being', 'https://res.cloudinary.com/dphwlcyhg/video/upload/v1753344844/wqtiynekfko9b5kzxjn5.mp4', 'Random shorts', '2025-07-24 13:44:05', 'video'),
(70, 'Mysterious_being', 'https://res.cloudinary.com/dphwlcyhg/video/upload/v1753345016/b03nw8tuw7lrlfkxlhpr.mp4', NULL, '2025-07-24 13:46:58', 'video'),
(71, 'Mysterious_being', 'https://res.cloudinary.com/dphwlcyhg/video/upload/v1753345195/o9zwts1myuk9mw6w87i5.mp4', '💀💀', '2025-07-24 13:49:57', 'video'),
(72, 'Mysterious_being', 'https://res.cloudinary.com/dphwlcyhg/video/upload/v1753345482/cvtdqfctzbwswgao0jx2.mp4', NULL, '2025-07-24 13:54:44', 'video'),
(73, 'Mysterious_being', 'https://res.cloudinary.com/dphwlcyhg/video/upload/v1753345724/g04o154ft1irpitp4u2w.mp4', NULL, '2025-07-24 13:58:46', 'video'),
(74, 'Mysterious_being', 'https://res.cloudinary.com/dphwlcyhg/video/upload/v1753345728/gzw7vjbenes1mtigfbkt.mp4', NULL, '2025-07-24 13:58:50', 'video'),
(75, 'Mysterious_being', 'https://res.cloudinary.com/dphwlcyhg/video/upload/v1753345733/rubmzm2kblylo8w88wpj.mp4', NULL, '2025-07-24 13:58:54', 'video'),
(76, 'Mysterious_being', 'https://res.cloudinary.com/dphwlcyhg/video/upload/v1753346772/k96nifdlilpu6psgtaor.mp4', NULL, '2025-07-24 14:16:14', 'video'),
(77, 'Mysterious_being', 'https://res.cloudinary.com/dphwlcyhg/video/upload/v1753347152/c4y9r6kukuesyldravdr.mp4', NULL, '2025-07-24 14:22:33', 'video'),
(78, 'Mysterious_being', 'https://res.cloudinary.com/dphwlcyhg/video/upload/v1753347185/gxrxinluorcm70wjvkr7.mp4', NULL, '2025-07-24 14:23:07', 'video'),
(79, 'Mysterious_being', 'https://res.cloudinary.com/dphwlcyhg/video/upload/v1753347232/ilzzyxjgqyocblaji0g1.mp4', NULL, '2025-07-24 14:23:54', 'video'),
(80, 'Mysterious_being', 'https://res.cloudinary.com/dphwlcyhg/video/upload/v1753348338/fz9zyox7cyxmvh9jvxew.mp4', 'disney princess 💗', '2025-07-24 14:42:20', 'video'),
(81, 'Mysterious_being', 'https://res.cloudinary.com/dphwlcyhg/video/upload/v1753348440/fmwystqz602nrfdbx9rv.mp4', 'wakima gabbi beautiful', '2025-07-24 14:44:01', 'video'),
(82, 'Mysterious_being', 'https://res.cloudinary.com/dphwlcyhg/video/upload/v1753348445/lj5tk3lretkesaqtdn5k.mp4', 'beautiful 😻', '2025-07-24 14:44:07', 'video'),
(83, 'Mysterious_being', 'https://res.cloudinary.com/dphwlcyhg/video/upload/v1753348461/uiwj3eyqdir0kegvha7q.mp4', NULL, '2025-07-24 14:44:22', 'video'),
(84, 'Mysterious_being', 'https://res.cloudinary.com/dphwlcyhg/video/upload/v1753348531/ubi76xdohvxrmzhj53ua.mp4', 'angori bhabhi comedy', '2025-07-24 14:45:33', 'video'),
(85, 'Mysterious_being', 'https://res.cloudinary.com/dphwlcyhg/video/upload/v1753348702/eti5vrn6e5q4vwh4xvq7.mp4', 'bihar is not for beginners 😅', '2025-07-24 14:48:24', 'video'),
(86, 'Mysterious_being', 'https://res.cloudinary.com/dphwlcyhg/video/upload/v1753348794/qcdkh1robzlksl2vvbvi.mp4', NULL, '2025-07-24 14:49:56', 'video'),
(87, 'Mysterious_being', 'https://res.cloudinary.com/dphwlcyhg/video/upload/v1753348809/osavnkqh8ghmdu1s3nb8.mp4', NULL, '2025-07-24 14:50:11', 'video'),
(88, 'Mysterious_being', 'https://res.cloudinary.com/dphwlcyhg/video/upload/v1753348821/cfc5v2ljm840hgfatseo.mp4', NULL, '2025-07-24 14:50:23', 'video'),
(89, 'Mysterious_being', 'https://res.cloudinary.com/dphwlcyhg/video/upload/v1753348835/woezwhv1zlf2d2ryi1ne.mp4', NULL, '2025-07-24 14:50:36', 'video'),
(90, 'Mysterious_being', 'https://res.cloudinary.com/dphwlcyhg/video/upload/v1753348835/gfafxwgfx6ylxtibooe7.mp4', NULL, '2025-07-24 14:50:37', 'video'),
(91, 'Mysterious_being', 'https://res.cloudinary.com/dphwlcyhg/video/upload/v1753348836/uth8gpr6k2rmhfb67klu.mp4', NULL, '2025-07-24 14:50:37', 'video'),
(92, 'Mysterious_being', 'https://res.cloudinary.com/dphwlcyhg/video/upload/v1753348836/r2t5m4stoi8obo4i72yl.mp4', NULL, '2025-07-24 14:50:37', 'video'),
(93, 'Mysterious_being', 'https://res.cloudinary.com/dphwlcyhg/video/upload/v1753348855/bnzmexeghajarbncanqd.mp4', NULL, '2025-07-24 14:50:57', 'video'),
(94, 'Mysterious_being', 'https://res.cloudinary.com/dphwlcyhg/video/upload/v1753348857/rkzxj3u8qh8no0aj48eq.mp4', NULL, '2025-07-24 14:50:59', 'video'),
(95, 'Mysterious_being', 'https://res.cloudinary.com/dphwlcyhg/video/upload/v1753348878/hlb0zz7aby8jyxzdnznd.mp4', NULL, '2025-07-24 14:51:20', 'video'),
(96, 'Mysterious_being', 'https://res.cloudinary.com/dphwlcyhg/video/upload/v1753348883/brnprkkxldzoxdxg3itg.mp4', 'jannat', '2025-07-24 14:51:24', 'video'),
(97, 'Mysterious_being', 'https://res.cloudinary.com/dphwlcyhg/video/upload/v1753348893/vfyusr8t6gtapiny6x3d.mp4', NULL, '2025-07-24 14:51:35', 'video'),
(98, 'Mysterious_being', 'https://res.cloudinary.com/dphwlcyhg/video/upload/v1753348918/bzimarnpfetmq4j7oyuw.mp4', NULL, '2025-07-24 14:52:00', 'video'),
(99, 'Mysterious_being', 'https://res.cloudinary.com/dphwlcyhg/video/upload/v1753348920/kon2ureq1frcds2vawg5.mp4', NULL, '2025-07-24 14:52:01', 'video'),
(100, 'Mysterious_being', 'https://res.cloudinary.com/dphwlcyhg/video/upload/v1753348921/wrlweqinoeb6da5c3vac.mp4', NULL, '2025-07-24 14:52:03', 'video'),
(101, 'Mysterious_being', 'https://res.cloudinary.com/dphwlcyhg/video/upload/v1753348932/f25jtfsk50zoschfscfy.mp4', NULL, '2025-07-24 14:52:14', 'video'),
(102, 'Mysterious_being', 'https://res.cloudinary.com/dphwlcyhg/video/upload/v1753348948/o46npqrqs7rwomqofaw0.mp4', NULL, '2025-07-24 14:52:30', 'video'),
(103, 'Mysterious_being', 'https://res.cloudinary.com/dphwlcyhg/video/upload/v1753348951/gdu9rsj8fnrpxhxjosfc.mp4', NULL, '2025-07-24 14:52:32', 'video'),
(104, 'Mysterious_being', 'https://res.cloudinary.com/dphwlcyhg/video/upload/v1753348953/gkg6ilmpj4bq6klbohoy.mp4', NULL, '2025-07-24 14:52:35', 'video'),
(105, 'Mysterious_being', 'https://res.cloudinary.com/dphwlcyhg/video/upload/v1753348968/qqumhz1vrycqokspzbzi.mp4', NULL, '2025-07-24 14:52:49', 'video'),
(106, 'Mysterious_being', 'https://res.cloudinary.com/dphwlcyhg/video/upload/v1753348970/jvijuzvs9ktoilqbozjx.mp4', NULL, '2025-07-24 14:52:52', 'video'),
(107, 'Mysterious_being', 'https://res.cloudinary.com/dphwlcyhg/video/upload/v1753348978/nhi1hdb66ylndin28co8.mp4', NULL, '2025-07-24 14:53:00', 'video'),
(108, 'Mysterious_being', 'https://res.cloudinary.com/dphwlcyhg/video/upload/v1753348984/ahpnbknd0zuiwt2e2hwa.mp4', NULL, '2025-07-24 14:53:06', 'video'),
(109, 'Mysterious_being', 'https://res.cloudinary.com/dphwlcyhg/video/upload/v1753348987/glotgq3nki4uxunhtnb8.mp4', NULL, '2025-07-24 14:53:09', 'video'),
(110, 'Mysterious_being', 'https://res.cloudinary.com/dphwlcyhg/video/upload/v1753348994/nmqatwawrh8nkdb1iurv.mp4', NULL, '2025-07-24 14:53:16', 'video'),
(111, 'Mysterious_being', 'https://res.cloudinary.com/dphwlcyhg/video/upload/v1753349001/ca6cv3yikh7uxlgzavxw.mp4', NULL, '2025-07-24 14:53:23', 'video'),
(112, 'Mysterious_being', 'https://res.cloudinary.com/dphwlcyhg/video/upload/v1753349002/pgljdmflgz5fitxm20nm.mp4', NULL, '2025-07-24 14:53:24', 'video'),
(113, 'Mysterious_being', 'https://res.cloudinary.com/dphwlcyhg/video/upload/v1753349010/ytc4bmfpckotps6ywhxz.mp4', NULL, '2025-07-24 14:53:32', 'video'),
(114, 'Mysterious_being', 'https://res.cloudinary.com/dphwlcyhg/video/upload/v1753349012/xlewvmuhjcwwlz8duwur.mp4', NULL, '2025-07-24 14:53:33', 'video'),
(115, 'Mysterious_being', 'https://res.cloudinary.com/dphwlcyhg/video/upload/v1753349021/dowdybizr3ktdtzjanzh.mp4', NULL, '2025-07-24 14:53:43', 'video'),
(120, 'Mysterious_being', 'https://res.cloudinary.com/dphwlcyhg/video/upload/v1754401624/x7pb4djgs9zgwgz7i7nh.mp4', NULL, '2025-08-05 19:17:08', 'video'),
(121, 'Mysterious_being', 'https://res.cloudinary.com/dphwlcyhg/image/upload/v1754564143/netsuwyjfooacmztbeop.jpg', 'party ho Rahi khatarnak', '2025-08-07 16:25:46', 'image'),
(122, 'Mysterious_being', 'https://res.cloudinary.com/dphwlcyhg/video/upload/v1755869573/zoobitqzoydr2ftko3dx.mp4', '♥️♥️♥️♥️', '2025-08-22 19:02:56', 'video'),
(125, 'Mysterious_being', 'https://res.cloudinary.com/dphwlcyhg/video/upload/v1756719755/ywqtuejjdqjiuodtyylu.mp4', '🥺', '2025-09-01 15:12:36', 'video'),
(128, 'Mysterious_being', 'https://res.cloudinary.com/dphwlcyhg/image/upload/v1759601410/lr8macwakf1asjzgvlvi.jpg', 'media upload test', '2025-10-04 23:40:13', 'image'),
(131, 'Er_Rashid_xyz', 'https://res.cloudinary.com/dphwlcyhg/image/upload/v1761998649/cuzy9cepcdhnriyn02rf.jpg', 'me', '2025-11-01 17:34:11', 'image'),
(133, 'Mysterious_being', 'https://res.cloudinary.com/dphwlcyhg/video/upload/v1761999274/cx2ilfdcjauxaxsfr38b.mp4', 'kaale hone ka fayda', '2025-11-01 17:44:36', 'video'),
(134, 'Er_Rashid_xyz', 'https://res.cloudinary.com/dphwlcyhg/video/upload/v1762332377/ri7nuoa2tl2ufjlledui.mp4', NULL, '2025-11-05 14:16:18', 'video'),
(135, 'Er_Rashid_xyz', 'https://res.cloudinary.com/dphwlcyhg/video/upload/v1762332393/nks4sfwze2pycitdj8tv.mp4', NULL, '2025-11-05 14:16:34', 'video'),
(136, 'Er_Rashid_xyz', 'https://res.cloudinary.com/dphwlcyhg/video/upload/v1762332405/viumzcki59kraoehjqyv.mp4', NULL, '2025-11-05 14:16:46', 'video'),
(137, 'Er_Rashid_xyz', 'https://res.cloudinary.com/dphwlcyhg/video/upload/v1762332423/yc857ntn4itcicmkkm5a.mp4', NULL, '2025-11-05 14:17:04', 'video'),
(138, 'Er_Rashid_xyz', 'https://res.cloudinary.com/dphwlcyhg/video/upload/v1762332439/pvkypclysyvdlbkockuu.mp4', NULL, '2025-11-05 14:17:20', 'video'),
(139, 'Er_Rashid_xyz', 'https://res.cloudinary.com/dphwlcyhg/video/upload/v1762332449/rk0cpow9dioo3baezltv.mp4', NULL, '2025-11-05 14:17:30', 'video'),
(140, 'Er_Rashid_xyz', 'https://res.cloudinary.com/dphwlcyhg/video/upload/v1762332457/scr9stxecbzcqwo39pqj.mp4', NULL, '2025-11-05 14:17:38', 'video'),
(141, 'Er_Rashid_xyz', 'https://res.cloudinary.com/dphwlcyhg/video/upload/v1762332507/hhffhffkxe4wmiybog28.mp4', NULL, '2025-11-05 14:18:28', 'video'),
(142, 'Er_Rashid_xyz', 'https://res.cloudinary.com/dphwlcyhg/video/upload/v1762332509/adx8ftzjo7c4uqaqb70g.mp4', NULL, '2025-11-05 14:18:31', 'video'),
(143, 'Er_Rashid_xyz', 'https://res.cloudinary.com/dphwlcyhg/video/upload/v1762332518/jket04avu3b7um3frgvc.mp4', NULL, '2025-11-05 14:18:39', 'video'),
(144, 'Er_Rashid_xyz', 'https://res.cloudinary.com/dphwlcyhg/video/upload/v1762332534/dlkhhphtaulgiowjh1fu.mp4', NULL, '2025-11-05 14:18:55', 'video'),
(145, 'Er_Rashid_xyz', 'https://res.cloudinary.com/dphwlcyhg/video/upload/v1762332555/qwjbwzlxoxh2pftxjirm.mp4', NULL, '2025-11-05 14:19:16', 'video'),
(146, 'Er_Rashid_xyz', 'https://res.cloudinary.com/dphwlcyhg/video/upload/v1762332613/taxguhnxvno9k1kg8ypj.mp4', NULL, '2025-11-05 14:20:14', 'video'),
(147, 'Er_Rashid_xyz', 'https://res.cloudinary.com/dphwlcyhg/video/upload/v1762332639/i0otoqrkwvae23hogbr6.mp4', NULL, '2025-11-05 14:20:40', 'video'),
(148, 'Er_Rashid_xyz', 'https://res.cloudinary.com/dphwlcyhg/video/upload/v1762332641/kzddqidnyti3qhzkn3pp.mp4', NULL, '2025-11-05 14:20:42', 'video'),
(149, 'Er_Rashid_xyz', 'https://res.cloudinary.com/dphwlcyhg/video/upload/v1762332646/juuqgowzfzijcyfp6whn.mp4', NULL, '2025-11-05 14:20:47', 'video'),
(150, 'Er_Rashid_xyz', 'https://res.cloudinary.com/dphwlcyhg/video/upload/v1762332654/ubucxsw1rwinecyamdbt.mp4', NULL, '2025-11-05 14:20:55', 'video'),
(151, 'Er_Rashid_xyz', 'https://res.cloudinary.com/dphwlcyhg/video/upload/v1762332661/feq94ni7h57dr3ugrpu8.mp4', NULL, '2025-11-05 14:21:02', 'video'),
(152, 'Er_Rashid_xyz', 'https://res.cloudinary.com/dphwlcyhg/video/upload/v1762332674/f6kyqoj8orxisnlz2lvz.mp4', NULL, '2025-11-05 14:21:15', 'video'),
(153, 'Er_Rashid_xyz', 'https://res.cloudinary.com/dphwlcyhg/video/upload/v1762337445/v7lt88zgvisngeo5uine.mp4', NULL, '2025-11-05 15:40:47', 'video'),
(156, 'Er_Rashid_xyz', 'https://res.cloudinary.com/dphwlcyhg/video/upload/v1762337502/klpou1yxkyyasnx531xn.mp4', NULL, '2025-11-05 15:41:44', 'video'),
(157, 'Er_Rashid_xyz', 'https://res.cloudinary.com/dphwlcyhg/video/upload/v1762337533/cwso6nuusxemjqakfbxl.mp4', NULL, '2025-11-05 15:42:15', 'video'),
(158, 'Er_Rashid_xyz', 'https://res.cloudinary.com/dphwlcyhg/video/upload/v1762338134/pmjomdema7i6nbfqodvz.mp4', NULL, '2025-11-05 15:52:15', 'video'),
(159, 'Er_Rashid_xyz', 'https://res.cloudinary.com/dphwlcyhg/video/upload/v1762338484/xccyufpct6dxc6e98lq1.mp4', NULL, '2025-11-05 15:58:05', 'video'),
(161, 'Er_Rashid_xyz', 'https://res.cloudinary.com/dphwlcyhg/video/upload/v1762504449/ggxzxeo5lalay4tqollq.mp4', NULL, '2025-11-07 14:04:11', 'video'),
(162, 'Er_Rashid_xyz', 'https://res.cloudinary.com/dphwlcyhg/video/upload/v1762504458/qvknmqagtqstaenyjktm.mp4', NULL, '2025-11-07 14:04:21', 'video'),
(167, 'Er_Rashid_xyz', 'https://res.cloudinary.com/dphwlcyhg/video/upload/v1763372712/zirrtsuhlmxfla5quqxg.mp4', NULL, '2025-11-17 15:15:15', 'video'),
(168, 'Er_Rashid_xyz', 'https://res.cloudinary.com/dphwlcyhg/video/upload/v1763372726/eqqlar7vzsxczroibta9.mp4', NULL, '2025-11-17 15:15:28', 'video'),
(169, 'Er_Rashid_xyz', 'https://res.cloudinary.com/dphwlcyhg/video/upload/v1763372746/eydrvhvfwwdp1k96s9mb.mp4', NULL, '2025-11-17 15:15:49', 'video'),
(170, 'Er_Rashid_xyz', 'https://res.cloudinary.com/dphwlcyhg/video/upload/v1763372754/kupfiummitwfdgrtd0sw.mp4', NULL, '2025-11-17 15:15:56', 'video'),
(171, 'Er_Rashid_xyz', 'https://res.cloudinary.com/dphwlcyhg/video/upload/v1763372759/im6ealk1bhcmppkjwcmk.mp4', NULL, '2025-11-17 15:16:01', 'video'),
(172, 'Er_Rashid_xyz', 'https://res.cloudinary.com/dphwlcyhg/video/upload/v1763372765/ga2vinu4mc9zj00hp2tb.mp4', NULL, '2025-11-17 15:16:07', 'video'),
(173, 'Er_Rashid_xyz', 'https://res.cloudinary.com/dphwlcyhg/video/upload/v1763372768/cm3gclpgo7xiwhuwplos.mp4', NULL, '2025-11-17 15:16:10', 'video'),
(174, 'Er_Rashid_xyz', 'https://res.cloudinary.com/dphwlcyhg/video/upload/v1763372778/e53prjfddjdrx3jmcga2.mp4', NULL, '2025-11-17 15:16:20', 'video'),
(175, 'Er_Rashid_xyz', 'https://res.cloudinary.com/dphwlcyhg/video/upload/v1763372788/qrqjcfwt1p8ocp8mot9k.mp4', NULL, '2025-11-17 15:16:30', 'video');

-- --------------------------------------------------------

--
-- Table structure for table `messages`
--

DROP TABLE IF EXISTS `messages`;
CREATE TABLE IF NOT EXISTS `messages` (
  `messageId` bigint NOT NULL AUTO_INCREMENT,
  `messageUid` char(36) COLLATE utf8mb4_general_ci NOT NULL,
  `replyToMessageId` char(36) COLLATE utf8mb4_general_ci DEFAULT NULL,
  `senderUUId` char(36) COLLATE utf8mb4_general_ci NOT NULL,
  `recieverUUId` char(36) COLLATE utf8mb4_general_ci NOT NULL,
  `type` enum('text','image','video','audio','file','post','story') COLLATE utf8mb4_general_ci DEFAULT 'text',
  `message` text COLLATE utf8mb4_general_ci,
  `postId` int DEFAULT NULL,
  `postLink` text COLLATE utf8mb4_general_ci,
  `creationTime` timestamp NULL DEFAULT CURRENT_TIMESTAMP,
  `deliveryStatus` tinyint DEFAULT '0',
  `isDeletedByReceiver` tinyint(1) DEFAULT '0',
  `isDeletedBySender` tinyint(1) DEFAULT '0',
  `isDeletedBoth` tinyint(1) DEFAULT '0',
  PRIMARY KEY (`messageId`),
  KEY `senderUUId` (`senderUUId`),
  KEY `recieverUUId` (`recieverUUId`)
) ENGINE=MyISAM AUTO_INCREMENT=319 DEFAULT CHARSET=utf8mb4 COLLATE=utf8mb4_general_ci;

--
-- Dumping data for table `messages`
--

INSERT INTO `messages` (`messageId`, `messageUid`, `replyToMessageId`, `senderUUId`, `recieverUUId`, `type`, `message`, `postId`, `postLink`, `creationTime`, `deliveryStatus`, `isDeletedByReceiver`, `isDeletedBySender`, `isDeletedBoth`) VALUES
(271, '37ae1582-946f-4c3c-b095-b737fa2df9bc', 'null', 'eab65880-3341-4ba3-8fbc-640359df7752', '710b962e-041c-11e1-9234-5123456709ab', 'text', 'hi bro', -1, 'null', '2025-11-09 17:12:38', 3, 0, 0, 0),
(272, '0412b3ce-d200-4f88-be3c-c1337633d45f', 'null', 'eab65880-3341-4ba3-8fbc-640359df7752', '710b962e-041c-11e1-9234-5123456709ab', 'text', 'kuch to bolo', -1, 'null', '2025-11-09 17:13:02', 3, 0, 0, 0),
(273, '5bf2ddcf-ff11-4d83-b1ba-0db06eac7e15', 'null', 'eab65880-3341-4ba3-8fbc-640359df7752', '710b962e-041c-11e1-9234-5123456709ab', 'image', '', -1, 'https://res.cloudinary.com/dphwlcyhg/image/upload/v1762708867/yzz0mq11rdpeueidjgu8.jpg', '2025-11-09 17:20:51', 3, 0, 0, 0),
(274, 'ac12d786-8d86-4efa-abd5-f77ba23421a3', 'null', 'eab65880-3341-4ba3-8fbc-640359df7752', '710b962e-041c-11e1-9234-5123456709ab', 'text', 'hi', -1, 'null', '2025-11-09 17:21:42', 3, 0, 0, 0),
(275, '6487bbde-2382-4b2e-b514-39dfcdeb2c20', 'null', 'eab65880-3341-4ba3-8fbc-640359df7752', '710b962e-041c-11e1-9234-5123456709ab', 'image', '', -1, 'https://res.cloudinary.com/dphwlcyhg/image/upload/v1762709318/b7bncsxoevaoozjzmrfa.jpg', '2025-11-09 17:28:20', 3, 0, 1, 1),
(276, '76dae839-cb73-4e6b-adc6-91e5d8bf7f3f', 'null', 'eab65880-3341-4ba3-8fbc-640359df7752', '710b962e-041c-11e1-9234-5123456709ab', 'image', '', -1, 'https://res.cloudinary.com/dphwlcyhg/image/upload/v1762709484/rfqbaly0erqxlqmhohyo.jpg', '2025-11-09 17:25:30', 3, 0, 0, 0),
(277, '76dae839-cb73-4e6b-adc6-91e5d8bf7f3f', 'null', 'eab65880-3341-4ba3-8fbc-640359df7752', '710b962e-041c-11e1-9234-5123456709ab', 'image', '', -1, 'https://res.cloudinary.com/dphwlcyhg/image/upload/v1762709501/nkjurifdr631goroucqa.jpg', '2025-11-09 17:25:30', 3, 0, 0, 0),
(278, '152b659a-bdcf-4543-aacc-bcc6e440d6d6', 'null', 'eab65880-3341-4ba3-8fbc-640359df7752', '710b962e-041c-11e1-9234-5123456709ab', 'image', '', -1, 'https://res.cloudinary.com/dphwlcyhg/image/upload/v1762709511/niqtk1vqcuogtolzovtx.jpg', '2025-11-09 17:30:07', 3, 0, 0, 0),
(279, '3a3f17ab-f4cc-4fee-84b8-7dac9693c903', 'null', 'eab65880-3341-4ba3-8fbc-640359df7752', '710b962e-041c-11e1-9234-5123456709ab', 'text', 'hi ji', -1, 'null', '2025-11-09 17:45:39', 3, 0, 0, 0),
(280, 'f52e7182-6294-4f1d-8a52-f27af10c83fa', 'null', 'eab65880-3341-4ba3-8fbc-640359df7752', '710b962e-041c-11e1-9234-5123456709ab', 'image', '', -1, 'https://res.cloudinary.com/dphwlcyhg/image/upload/v1762710375/lenrohxv2tidgz519sh9.jpg', '2025-11-09 17:46:12', 3, 1, 0, 0),
(281, 'cf78c5f4-9ae9-4f0d-a96a-f11a9be5e5df', 'null', '710b962e-041c-11e1-9234-5123456709ab', 'eab65880-3341-4ba3-8fbc-640359df7752', 'text', 'hi', -1, 'null', '2025-11-09 17:47:22', 3, 0, 0, 0),
(282, '0b132bfe-5164-4de8-b2ce-31d6776780e2', 'null', 'eab65880-3341-4ba3-8fbc-640359df7752', '710b962e-041c-11e1-9234-5123456709ab', 'image', '', -1, 'https://res.cloudinary.com/dphwlcyhg/image/upload/v1762710453/lgtvelbi7ssno9va2vfn.jpg', '2025-11-09 17:47:28', 3, 0, 0, 1),
(283, '38065449-3aa7-4224-a3d6-87883a26bde3', 'null', 'eab65880-3341-4ba3-8fbc-640359df7752', '710b962e-041c-11e1-9234-5123456709ab', 'image', '', -1, 'https://res.cloudinary.com/dphwlcyhg/image/upload/v1762710684/vkmt5nb7oncg2bohiy12.jpg', '2025-11-09 17:50:49', 3, 1, 0, 0),
(284, 'bc06fbd4-e6ef-428d-b987-3680cfdaf987', 'null', 'eab65880-3341-4ba3-8fbc-640359df7752', '710b962e-041c-11e1-9234-5123456709ab', 'image', '', -1, 'https://res.cloudinary.com/dphwlcyhg/image/upload/v1762710872/qrntb2si2i7smqtoi7ed.jpg', '2025-11-09 17:54:28', 3, 1, 0, 0),
(285, '0ec3ed5a-aa3d-4d9d-b197-68c4e211e614', 'null', 'eab65880-3341-4ba3-8fbc-640359df7752', '710b962e-041c-11e1-9234-5123456709ab', 'image', '', -1, 'https://res.cloudinary.com/dphwlcyhg/image/upload/v1762710924/k8ojt18btsw6zbsho2mb.jpg', '2025-11-09 17:55:22', 3, 1, 0, 0),
(286, '8a87d1b1-66df-4ff5-9850-6d06650892ff', 'null', 'eab65880-3341-4ba3-8fbc-640359df7752', '710b962e-041c-11e1-9234-5123456709ab', 'text', 'hi', -1, 'null', '2025-11-09 17:56:12', 3, 0, 0, 0),
(287, 'ca228302-a5e6-4b5d-a346-aacf545451b3', 'null', 'eab65880-3341-4ba3-8fbc-640359df7752', '710b962e-041c-11e1-9234-5123456709ab', 'image', '', -1, 'https://res.cloudinary.com/dphwlcyhg/image/upload/v1762710983/mppowxkiztwylyusygv1.jpg', '2025-11-09 17:56:20', 3, 1, 0, 0),
(288, '12977780-e10c-4edc-b97c-7653c2aa758b', 'null', 'eab65880-3341-4ba3-8fbc-640359df7752', '710b962e-041c-11e1-9234-5123456709ab', 'image', '', -1, 'https://res.cloudinary.com/dphwlcyhg/image/upload/v1762711732/ryuuaezu0auufkxasi2v.jpg', '2025-11-09 18:08:47', 3, 0, 0, 1),
(289, '61268711-b1d2-4d63-913f-7e50105c753b', 'null', 'eab65880-3341-4ba3-8fbc-640359df7752', '710b962e-041c-11e1-9234-5123456709ab', 'image', '', -1, 'https://res.cloudinary.com/dphwlcyhg/image/upload/v1762712522/wcl49cyoz5fe0trnhbkm.jpg', '2025-11-09 18:21:57', 3, 1, 0, 0),
(290, '26ffa0db-5a0f-42ec-b06f-e12ce4fa73af', 'null', 'eab65880-3341-4ba3-8fbc-640359df7752', '710b962e-041c-11e1-9234-5123456709ab', 'video', '', -1, 'https://res.cloudinary.com/dphwlcyhg/video/upload/v1762712623/iblbalpojchmkrqqsccy.mp4', '2025-11-09 18:22:17', 3, 0, 0, 1),
(291, '26ffa0db-5a0f-42ec-b06f-e12ce4fa73af', 'null', 'eab65880-3341-4ba3-8fbc-640359df7752', '710b962e-041c-11e1-9234-5123456709ab', 'video', '', -1, 'https://res.cloudinary.com/dphwlcyhg/video/upload/v1762712944/b2wi5gy2qdyb2gy54nsk.mp4', '2025-11-09 18:22:17', 3, 0, 0, 1),
(292, '3304f06b-bacc-457e-832d-a82b906301d4', 'null', 'eab65880-3341-4ba3-8fbc-640359df7752', '710b962e-041c-11e1-9234-5123456709ab', 'video', '', -1, 'https://res.cloudinary.com/dphwlcyhg/video/upload/v1762713109/z0nadeedwwjqsktau4l8.mp4', '2025-11-09 18:31:11', 3, 0, 0, 0),
(293, '5ca9e33a-fa73-4da0-a9c3-b3ff3580dccf', 'null', 'eab65880-3341-4ba3-8fbc-640359df7752', '710b962e-041c-11e1-9234-5123456709ab', 'image', '', -1, 'https://res.cloudinary.com/dphwlcyhg/image/upload/v1762713112/cxtdrp0xsr4omchuwpar.jpg', '2025-11-09 18:31:51', 3, 0, 0, 0),
(294, '18df1865-78fe-4650-9241-2f57ecaee8e0', 'null', 'eab65880-3341-4ba3-8fbc-640359df7752', '710b962e-041c-11e1-9234-5123456709ab', 'text', 'now this flow is working in better way', -1, 'null', '2025-11-09 18:32:48', 3, 0, 0, 0),
(295, 'c1b04dd4-7325-42ab-9d5f-97b0fc750b42', 'null', 'eab65880-3341-4ba3-8fbc-640359df7752', '710b962e-041c-11e1-9234-5123456709ab', 'text', 'right', -1, 'null', '2025-11-09 18:32:54', 3, 0, 0, 0),
(296, 'd35e30b8-e846-44ab-948e-53964e35ae38', 'null', 'eab65880-3341-4ba3-8fbc-640359df7752', '710b962e-041c-11e1-9234-5123456709ab', 'video', '', -1, 'https://res.cloudinary.com/dphwlcyhg/video/upload/v1762713309/cw9hipccm46rmff8u6fr.mp4', '2025-11-09 18:33:07', 3, 0, 0, 0),
(297, '573c60ca-3fc5-4323-858c-e0abece552e4', 'null', 'eab65880-3341-4ba3-8fbc-640359df7752', '710b962e-041c-11e1-9234-5123456709ab', 'video', '', -1, 'https://res.cloudinary.com/dphwlcyhg/video/upload/v1762713679/pqartmz3dcdsjpg0kd2r.mp4', '2025-11-09 18:40:35', 3, 0, 0, 0),
(298, '2e9c1e48-5782-491d-b66d-ac2c26db343d', 'null', 'eab65880-3341-4ba3-8fbc-640359df7752', '710b962e-041c-11e1-9234-5123456709ab', 'image', '', -1, 'https://res.cloudinary.com/dphwlcyhg/image/upload/v1762714262/boqs5igk0yhq2kz2c0nv.jpg', '2025-11-09 18:50:51', 3, 0, 0, 0),
(299, 'fd7b247e-aadb-489a-b3eb-a251731d6e01', 'null', 'eab65880-3341-4ba3-8fbc-640359df7752', '710b962e-041c-11e1-9234-5123456709ab', 'text', 'hi', -1, 'null', '2025-11-09 19:22:42', 3, 0, 0, 0),
(300, '580c0bf2-bbb8-4ee3-9fc7-68e2660b2f02', 'null', 'eab65880-3341-4ba3-8fbc-640359df7752', '710b962e-041c-11e1-9234-5123456709ab', 'image', '', -1, 'https://res.cloudinary.com/dphwlcyhg/image/upload/v1762716202/evygbfrkta8zs6mrmmpl.jpg', '2025-11-09 19:22:46', 3, 0, 0, 0),
(301, '3c830991-0de5-4de8-b0e4-207c7a165a3d', 'null', 'eab65880-3341-4ba3-8fbc-640359df7752', '710b962e-041c-11e1-9234-5123456709ab', 'text', 'hi bro', -1, 'null', '2025-11-10 12:15:26', 3, 0, 0, 0),
(302, 'e830ce93-5b71-4000-857d-56dbbb114a55', 'null', '710b962e-041c-11e1-9234-5123456709ab', 'eab65880-3341-4ba3-8fbc-640359df7752', 'text', 'hello ji', -1, 'null', '2025-11-10 12:16:27', 3, 0, 0, 0),
(303, '925a3058-43be-4fc8-aab0-d86d454082b3', 'null', 'eab65880-3341-4ba3-8fbc-640359df7752', '710b962e-041c-11e1-9234-5123456709ab', 'image', 'see how beautiful she is but \"khubsurat bahot hai tu lekin dil lagane ke kabil nahi hai', -1, 'https://res.cloudinary.com/dphwlcyhg/image/upload/v1762939826/qgpdta2lmxihfciqdfwh.jpg', '2025-11-12 09:30:12', 3, 1, 0, 0),
(304, '116076ff-4c3c-4d1d-93d3-11964be8d7b4', 'null', 'eab65880-3341-4ba3-8fbc-640359df7752', '710b962e-041c-11e1-9234-5123456709ab', 'text', 'isn\'t she', -1, 'null', '2025-11-12 09:32:12', 3, 0, 0, 0),
(305, '926e7315-8d96-48fd-b4ed-07ec1dae684c', 'null', '710b962e-041c-11e1-9234-5123456709ab', 'eab65880-3341-4ba3-8fbc-640359df7752', 'text', 'yes bro but what can be done in this matter you can\'t force people to behave the way to like 🥺', -1, 'null', '2025-11-12 09:32:58', 3, 0, 0, 0),
(306, 'b8adc2d6-aefe-4ace-aed2-45e7e3c93266', 'null', 'eab65880-3341-4ba3-8fbc-640359df7752', '710b962e-041c-11e1-9234-5123456709ab', 'text', 'ha chalo jo hua so hua bholl jaunga usse', -1, 'null', '2025-11-12 09:33:39', 3, 0, 0, 0),
(307, '10b03f00-ddde-4bba-93eb-951b86495990', 'null', '710b962e-041c-11e1-9234-5123456709ab', 'eab65880-3341-4ba3-8fbc-640359df7752', 'text', 'Isis mein bhalai hai bhai', -1, 'null', '2025-11-12 09:33:44', 3, 0, 0, 0),
(308, 'f9c0a7c5-7cb0-4a3e-a1aa-d2e79f5fbace', 'null', 'eab65880-3341-4ba3-8fbc-640359df7752', '710b962e-041c-11e1-9234-5123456709ab', 'text', 'ha bhai, aur bata kya chal raha hai', -1, 'null', '2025-11-12 09:33:56', 3, 0, 0, 0),
(309, 'd1ec1cf5-2e05-4632-b092-5543faf93b00', 'null', '710b962e-041c-11e1-9234-5123456709ab', 'eab65880-3341-4ba3-8fbc-640359df7752', 'text', 'kuch na , baas kat raha hai apna bata', -1, 'null', '2025-11-12 09:34:06', 3, 0, 0, 0),
(310, '83e1e8cc-2248-4cf8-adfd-ce69ba82f39b', 'null', 'eab65880-3341-4ba3-8fbc-640359df7752', '710b962e-041c-11e1-9234-5123456709ab', 'text', 'mera bhi chal hi Raha hai , dekho zindagi kaha le jaegi', -1, 'null', '2025-11-12 09:34:23', 3, 0, 0, 0),
(311, '71b90191-9a53-4923-bcc8-3c47f046e24a', 'null', '710b962e-041c-11e1-9234-5123456709ab', 'eab65880-3341-4ba3-8fbc-640359df7752', 'text', 'ha masla yahi hai ki kya karein kuch aapne haat mein hota to karte na , koi na be strong bura waqt aata hai kuch din rehta hai phir chala jata hai so don\'t worry about anything, take care bro bye ,😘', -1, 'null', '2025-11-12 09:35:19', 3, 0, 0, 0),
(312, 'bb351826-829c-4b7b-a64b-07adb927e347', 'null', 'eab65880-3341-4ba3-8fbc-640359df7752', '710b962e-041c-11e1-9234-5123456709ab', 'text', 'aare yaar , take care bro love you ♥️🎀', -1, 'null', '2025-11-12 09:35:33', 3, 0, 0, 0),
(313, 'a96d2804-e232-4c77-9f11-0a8f4c01d169', 'null', '710b962e-041c-11e1-9234-5123456709ab', 'eab65880-3341-4ba3-8fbc-640359df7752', 'text', 'hi ji', -1, 'null', '2025-11-14 11:53:43', 3, 0, 0, 0),
(314, '1abc7d8f-f2d8-4bad-8da1-421a5dc4262e', 'null', 'eab65880-3341-4ba3-8fbc-640359df7752', '710b962e-041c-11e1-9234-5123456709ab', 'text', 'hi', 2025, '1', '0000-00-00 00:00:00', NULL, 0, 0, 0),
(315, '218567ea-f10c-4c47-9655-deade15dc77a', 'null', '710b962e-041c-11e1-9234-5123456709ab', 'eab65880-3341-4ba3-8fbc-640359df7752', 'text', 'hello', 2025, '1', '0000-00-00 00:00:00', NULL, 0, 0, 0),
(316, '9ea62054-387f-40ab-827b-4c5c0bb11402', 'null', 'eab65880-3341-4ba3-8fbc-640359df7752', '710b962e-041c-11e1-9234-5123456709ab', 'text', 'hi', -1, 'null', '2025-11-17 09:42:01', 3, 0, 0, 0),
(317, 'a6ab3ebf-7924-4650-999a-545553587ea3', 'null', '710b962e-041c-11e1-9234-5123456709ab', 'eab65880-3341-4ba3-8fbc-640359df7752', 'text', 'hello', -1, 'null', '2025-11-17 09:42:08', 3, 0, 0, 0),
(318, 'ef66e002-3ec8-44c8-baa9-0213415a0225', 'null', 'eab65880-3341-4ba3-8fbc-640359df7752', '710b962e-041c-11e1-9234-5123456709ab', 'text', 'what about previous message', -1, 'null', '2025-11-17 09:42:16', 3, 0, 0, 0);

-- --------------------------------------------------------

--
-- Table structure for table `otpmodel`
--

DROP TABLE IF EXISTS `otpmodel`;
CREATE TABLE IF NOT EXISTS `otpmodel` (
  `phone_email` varchar(255) COLLATE utf8mb4_general_ci NOT NULL,
  `otp` int NOT NULL,
  `createdAt` datetime DEFAULT CURRENT_TIMESTAMP,
  `flag` tinyint(1) DEFAULT '0'
) ENGINE=InnoDB DEFAULT CHARSET=utf8mb4 COLLATE=utf8mb4_general_ci;

--
-- Dumping data for table `otpmodel`
--

INSERT INTO `otpmodel` (`phone_email`, `otp`, `createdAt`, `flag`) VALUES
('8102747798', 209599, '2025-06-10 19:52:49', 0),
('8102747798', 327682, '2025-06-10 19:53:00', 0),
('8102747798', 201763, '2025-06-19 22:03:40', 0),
('9123481953', 999511, '2025-06-19 23:35:20', 0),
('9123481953', 365196, '2025-06-19 23:40:47', 0),
('rtechdevlopment123gmail.com', 604421, '2025-06-22 11:42:01', 0),
('rtechdevlopment123@gmail.com', 561796, '2025-06-22 13:11:27', 0),
('rtechdevlopment13@gmail.com', 395978, '2025-06-22 13:12:02', 0),
('rtechdevlopment123@gmail.com', 382119, '2025-06-22 13:23:01', 0),
('rtechdevlopment123@gmail.com', 624148, '2025-06-22 15:17:52', 0),
('rtechdevlopment123@gmail.com', 730938, '2025-06-22 15:47:40', 0),
('9123481953', 755174, '2025-06-22 16:12:33', 0),
('9123481953', 481501, '2025-06-22 16:13:20', 0),
('9123481953', 969109, '2025-06-22 16:15:25', 0),
('9123481953', 277313, '2025-06-22 16:15:50', 0),
('9123481953', 376062, '2025-06-22 16:17:07', 0),
('rtechdevlopment123@gmail.com', 558764, '2025-06-22 16:17:34', 0),
('9123481953', 486501, '2025-06-22 16:22:18', 0),
('9123481953', 203435, '2025-07-14 20:41:21', 0),
('9123481953', 726852, '2025-07-14 20:42:01', 0),
('9123481953', 659736, '2025-07-14 20:43:31', 0),
('9123481953', 825053, '2025-07-14 20:45:18', 0),
('rasidekbal29@gmail.com', 328315, '2025-10-26 03:53:23', 0),
('rasidekbal29@gmail.com', 548366, '2025-10-26 03:54:02', 0),
('rasidekbal29@gmail.com', 102078, '2025-10-26 03:57:01', 0),
('rasidekbal29@gmail.com', 547069, '2025-10-26 04:00:37', 0),
('rasidekbal29@gmail.com', 194180, '2025-10-26 04:01:28', 0);

-- --------------------------------------------------------

--
-- Table structure for table `post_comments`
--

DROP TABLE IF EXISTS `post_comments`;
CREATE TABLE IF NOT EXISTS `post_comments` (
  `commentid` int NOT NULL AUTO_INCREMENT,
  `userid` varchar(250) COLLATE utf8mb4_general_ci NOT NULL,
  `postid` int NOT NULL,
  `comment_text` text COLLATE utf8mb4_general_ci NOT NULL,
  `createdAt` datetime DEFAULT CURRENT_TIMESTAMP,
  `replyToCommentId` int DEFAULT NULL,
  PRIMARY KEY (`commentid`),
  KEY `userid` (`userid`),
  KEY `postid` (`postid`),
  KEY `replyToCommentId` (`replyToCommentId`)
) ENGINE=InnoDB AUTO_INCREMENT=1564 DEFAULT CHARSET=utf8mb4 COLLATE=utf8mb4_general_ci;

--
-- Dumping data for table `post_comments`
--

INSERT INTO `post_comments` (`commentid`, `userid`, `postid`, `comment_text`, `createdAt`, `replyToCommentId`) VALUES
(73, 'kaluadon', 34, 'wow nice', '2025-07-23 09:05:38', NULL),
(75, 'kaluadon', 40, 'it keeps breaking', '2025-07-23 09:08:32', NULL),
(76, 'kaluadon', 40, 'brothers in amra', '2025-07-23 09:09:50', NULL),
(77, 'kaluadon', 39, 'what the fuck', '2025-07-23 09:10:04', NULL),
(78, 'kaluadon', 40, 'why not working ', '2025-07-23 09:10:22', NULL),
(79, 'kaluadon', 38, 'is this working ', '2025-07-23 09:10:32', NULL),
(80, 'kaluadon', 44, 'bhag re mc', '2025-07-23 13:11:55', NULL),
(81, 'kaluadon', 39, 'bahot badhiya', '2025-07-23 23:47:54', NULL),
(82, 'kaluadon', 52, 'first comment', '2025-07-24 00:06:51', NULL),
(83, 'kaluadon', 59, 'bhai ke to mauj hai', '2025-07-24 00:35:50', NULL),
(84, 'kaluadon', 57, 'wow looking nice', '2025-07-24 00:47:04', NULL),
(85, 'kaluadon', 57, 'looks great', '2025-07-24 00:47:17', NULL),
(86, 'Mysterious_being', 61, '🙂🤣🤣🤣', '2025-07-24 08:24:51', NULL),
(87, 'Mysterious_being', 75, '🤣', '2025-07-24 14:00:47', NULL),
(88, 'Mysterious_being', 74, '🤣', '2025-07-24 14:00:54', NULL),
(89, 'Mysterious_being', 73, '💗💗💗', '2025-07-24 14:01:10', NULL),
(90, 'Mysterious_being', 72, '💗💗💗💗', '2025-07-24 14:01:19', NULL),
(91, 'Mysterious_being', 71, '😮😮', '2025-07-24 14:01:53', NULL),
(92, 'Mysterious_being', 52, '💀', '2025-07-24 14:07:03', NULL),
(93, 'Mysterious_being', 47, '🤔', '2025-07-24 14:08:28', NULL),
(94, 'Mysterious_being', 46, '🤣', '2025-07-24 14:08:47', NULL),
(95, 'Mysterious_being', 76, '💗💗💗', '2025-07-24 14:17:35', NULL),
(96, 'kaluadon', 76, 'bgbngfnfgngf', '2025-07-25 23:30:17', NULL),
(97, 'kaluadon', 34, 'new', '2025-07-25 23:38:42', NULL),
(178, 'kaluadon', 34, 'Yeh post full fire hai 🔥🔥', '2025-07-26 08:03:43', NULL),
(179, 'kaluadon', 34, 'Bro aisa content chahiye roz!', '2025-07-26 08:03:43', NULL),
(180, 'kaluadon', 34, 'Matlab next level stuff 💯', '2025-07-26 08:03:43', NULL),
(181, 'kaluadon', 34, 'Kya editing hai boss 😮', '2025-07-26 08:03:43', NULL),
(182, 'kaluadon', 34, 'Threadly ka future bright lag raha hai 👏', '2025-07-26 08:03:43', NULL),
(183, 'kaluadon', 34, 'This deserves way more views 📈', '2025-07-26 08:03:43', NULL),
(184, 'kaluadon', 34, 'Kya vibe hai yaar iss reel ki 😍', '2025-07-26 08:03:43', NULL),
(185, 'kaluadon', 34, 'Pure cinematic feel mil raha hai!', '2025-07-26 08:03:43', NULL),
(186, 'kaluadon', 34, 'Back to back banger posts 🔥', '2025-07-26 08:03:43', NULL),
(187, 'kaluadon', 34, 'Kitna mast transition tha!', '2025-07-26 08:03:43', NULL),
(188, 'kaluadon', 34, 'Bhai tu OP hai 🤌', '2025-07-26 08:03:43', NULL),
(189, 'kaluadon', 34, 'Raat ko dekhna aur bhi mazedaar lagta hai yeh reel 😎', '2025-07-26 08:03:43', NULL),
(190, 'kaluadon', 34, 'Music aur timing dono on point 💯', '2025-07-26 08:03:43', NULL),
(191, 'kaluadon', 34, 'Post dekha aur mood fresh ho gaya!', '2025-07-26 08:03:43', NULL),
(192, 'kaluadon', 34, 'Ye reel full-on relatable hai 😂', '2025-07-26 08:03:43', NULL),
(193, 'kaluadon', 34, 'Caption bhi solid tha 🔥', '2025-07-26 08:03:43', NULL),
(194, 'kaluadon', 34, 'Tu kabhi disappoint nahi karta bhai ❤️', '2025-07-26 08:03:43', NULL),
(195, 'kaluadon', 34, 'Kis app se banaya? Vibe aa gaya 🤩', '2025-07-26 08:03:43', NULL),
(196, 'kaluadon', 34, 'Iss level ka creativity chahiye mujhe bhi 🔧', '2025-07-26 08:03:43', NULL),
(197, 'kaluadon', 34, 'Meme game strong hai 😂🔥', '2025-07-26 08:03:43', NULL),
(198, 'kaluadon', 34, 'Sabse alag reel dekhi aaj 🔥', '2025-07-26 08:03:43', NULL),
(199, 'kaluadon', 34, 'Bhai aise hi content daalte raho!', '2025-07-26 08:03:43', NULL),
(200, 'kaluadon', 34, 'Mood badhiya kar diya isne!', '2025-07-26 08:03:43', NULL),
(201, 'kaluadon', 34, 'Threadly pe sabse cool reel 👑', '2025-07-26 08:03:43', NULL),
(202, 'kaluadon', 34, 'Tu toh artist nikla re bhai 🎨', '2025-07-26 08:03:43', NULL),
(203, 'kaluadon', 34, 'Comment karna zaroori tha 😍', '2025-07-26 08:03:43', NULL),
(204, 'kaluadon', 34, 'Dekhte hi like kar diya instantly', '2025-07-26 08:03:43', NULL),
(205, 'kaluadon', 34, 'Itna clean cut reel mazza aa gaya', '2025-07-26 08:03:43', NULL),
(206, 'kaluadon', 34, 'Kya scene banaya tune 🔥🔥', '2025-07-26 08:03:43', NULL),
(207, 'kaluadon', 34, 'Lagta hai trending pe jayega yeh', '2025-07-26 08:03:43', NULL),
(208, 'kaluadon', 34, 'Tumhare post dekhne ka alag hi feel hai ✨', '2025-07-26 08:03:43', NULL),
(209, 'kaluadon', 34, 'Kal se wait kar raha tha nayi post ka!', '2025-07-26 08:03:43', NULL),
(210, 'kaluadon', 34, 'Iss vibe ko kya naam doon 😅', '2025-07-26 08:03:43', NULL),
(211, 'kaluadon', 34, 'You nailed it boss 💪', '2025-07-26 08:03:43', NULL),
(212, 'kaluadon', 34, 'Lit 🔥 from start to end', '2025-07-26 08:03:43', NULL),
(213, 'kaluadon', 34, 'Kya placement hai music ka!', '2025-07-26 08:03:43', NULL),
(214, 'kaluadon', 34, 'You made my day with this post ❤️', '2025-07-26 08:03:43', NULL),
(215, 'kaluadon', 34, 'Kya story-telling bhai 💯', '2025-07-26 08:03:43', NULL),
(216, 'kaluadon', 34, 'Simple and powerful!', '2025-07-26 08:03:43', NULL),
(217, 'kaluadon', 34, 'Aankhon ka sukoon 😍', '2025-07-26 08:03:43', NULL),
(218, 'kaluadon', 34, 'Main fan ban gaya bhai 🔥', '2025-07-26 08:03:43', NULL),
(219, 'kaluadon', 34, 'Apna kamal dikhaya tune', '2025-07-26 08:03:43', NULL),
(220, 'kaluadon', 34, 'Quality content like always!', '2025-07-26 08:03:43', NULL),
(221, 'kaluadon', 34, 'Too smooth bro 😎', '2025-07-26 08:03:43', NULL),
(222, 'kaluadon', 34, 'Iss level ki creativity sabke bas ki nahi hai', '2025-07-26 08:03:43', NULL),
(223, 'kaluadon', 34, 'Asli aesthetic yeh hota hai 🔥', '2025-07-26 08:03:43', NULL),
(224, 'kaluadon', 34, 'Tu consistently top-notch hai 🔥', '2025-07-26 08:03:43', NULL),
(225, 'kaluadon', 34, 'Har post mein improvement dikhta hai!', '2025-07-26 08:03:43', NULL),
(226, 'kaluadon', 34, 'Yeh post rewind pe chala diya!', '2025-07-26 08:03:43', NULL),
(227, 'kaluadon', 34, 'Bhai full marks tujhe 🙌', '2025-07-26 08:03:43', NULL),
(228, 'kaluadon', 34, 'Haters ko bhi pasand ayega yeh 😏', '2025-07-26 08:03:43', NULL),
(229, 'kaluadon', 34, 'Kya background pick kiya hai!', '2025-07-26 08:03:43', NULL),
(230, 'kaluadon', 34, 'Hook point toh lajawab hai', '2025-07-26 08:03:43', NULL),
(231, 'kaluadon', 34, 'Aise hi banaate rehna bhai', '2025-07-26 08:03:43', NULL),
(232, 'kaluadon', 34, 'Kya humour add kiya hai 🤣', '2025-07-26 08:03:43', NULL),
(233, 'kaluadon', 34, 'Tere reel ka fan ho gaya hun', '2025-07-26 08:03:43', NULL),
(234, 'kaluadon', 34, 'Editing dekh ke aankhen khul gayi!', '2025-07-26 08:03:43', NULL),
(235, 'kaluadon', 34, 'Yeh trend tu pehle le aaya 🔥', '2025-07-26 08:03:43', NULL),
(236, 'kaluadon', 34, 'Kal ki post se aur bhi better 👌', '2025-07-26 08:03:43', NULL),
(237, 'kaluadon', 34, 'Har din kuch naya dekhne ko milta hai tujse', '2025-07-26 08:03:43', NULL),
(238, 'kaluadon', 34, 'Thoda aur lamba bana dete 😭', '2025-07-26 08:03:43', NULL),
(239, 'kaluadon', 34, 'Sirf ek word – EPIC!', '2025-07-26 08:03:43', NULL),
(240, 'kaluadon', 34, 'Iss post ka vibe copied nahi jaa sakta', '2025-07-26 08:03:43', NULL),
(241, 'kaluadon', 34, 'Bhai tu mast dimaag use karta hai', '2025-07-26 08:03:43', NULL),
(242, 'kaluadon', 34, 'Jabardast storytelling!', '2025-07-26 08:03:43', NULL),
(243, 'kaluadon', 34, 'Mujhe fir se dekhna pada yeh 😍', '2025-07-26 08:03:43', NULL),
(244, 'kaluadon', 34, 'Kya tempo match kiya hai reel mein!', '2025-07-26 08:03:43', NULL),
(245, 'kaluadon', 34, 'Doston ke saath share kar diya yeh post!', '2025-07-26 08:03:43', NULL),
(246, 'kaluadon', 34, 'Bhai mast mast reel, mood ban gaya!', '2025-07-26 08:03:43', NULL),
(247, 'kaluadon', 34, 'Next kab aayega bro?', '2025-07-26 08:03:43', NULL),
(248, 'kaluadon', 34, 'Kya watermark bhi style mein dala hai!', '2025-07-26 08:03:43', NULL),
(249, 'kaluadon', 34, 'Aaj ka sabse best content 🥇', '2025-07-26 08:03:43', NULL),
(250, 'kaluadon', 34, 'Yeh post pe toh award milna chahiye', '2025-07-26 08:03:43', NULL),
(251, 'kaluadon', 34, 'Teri vibe alag hi level pe hai', '2025-07-26 08:03:43', NULL),
(252, 'kaluadon', 34, 'Kitne creative ho yaar 😩💫', '2025-07-26 08:03:43', NULL),
(253, 'kaluadon', 34, 'Iss post ne dil jeet liya ❤️', '2025-07-26 08:03:43', NULL),
(254, 'kaluadon', 34, 'Sabko tag kar diya bro 😎', '2025-07-26 08:03:43', NULL),
(255, 'kaluadon', 34, 'Mazaa aagaya fir se dekh ke', '2025-07-26 08:03:43', NULL),
(256, 'kaluadon', 34, 'Tu toh artist nikla 💥', '2025-07-26 08:03:43', NULL),
(257, 'kaluadon', 34, 'Insaan nahi, content machine hai tu 😄', '2025-07-26 08:03:43', NULL),
(338, 'kaluadon', 36, 'Yeh post full fire hai 🔥🔥', '2025-07-26 08:04:51', NULL),
(339, 'kaluadon', 36, 'Bro aisa content chahiye roz!', '2025-07-26 08:04:51', NULL),
(340, 'kaluadon', 36, 'Matlab next level stuff 💯', '2025-07-26 08:04:51', NULL),
(341, 'kaluadon', 36, 'Kya editing hai boss 😮', '2025-07-26 08:04:51', NULL),
(342, 'kaluadon', 36, 'Threadly ka future bright lag raha hai 👏', '2025-07-26 08:04:51', NULL),
(343, 'kaluadon', 36, 'This deserves way more views 📈', '2025-07-26 08:04:51', NULL),
(344, 'kaluadon', 36, 'Kya vibe hai yaar iss reel ki 😍', '2025-07-26 08:04:51', NULL),
(345, 'kaluadon', 36, 'Pure cinematic feel mil raha hai!', '2025-07-26 08:04:51', NULL),
(346, 'kaluadon', 36, 'Back to back banger posts 🔥', '2025-07-26 08:04:51', NULL),
(347, 'kaluadon', 36, 'Kitna mast transition tha!', '2025-07-26 08:04:51', NULL),
(348, 'kaluadon', 36, 'Bhai tu OP hai 🤌', '2025-07-26 08:04:51', NULL),
(349, 'kaluadon', 36, 'Raat ko dekhna aur bhi mazedaar lagta hai yeh reel 😎', '2025-07-26 08:04:51', NULL),
(350, 'kaluadon', 36, 'Music aur timing dono on point 💯', '2025-07-26 08:04:51', NULL),
(351, 'kaluadon', 36, 'Post dekha aur mood fresh ho gaya!', '2025-07-26 08:04:51', NULL),
(352, 'kaluadon', 36, 'Ye reel full-on relatable hai 😂', '2025-07-26 08:04:51', NULL),
(353, 'kaluadon', 36, 'Caption bhi solid tha 🔥', '2025-07-26 08:04:51', NULL),
(354, 'kaluadon', 36, 'Tu kabhi disappoint nahi karta bhai ❤️', '2025-07-26 08:04:51', NULL),
(355, 'kaluadon', 36, 'Kis app se banaya? Vibe aa gaya 🤩', '2025-07-26 08:04:51', NULL),
(356, 'kaluadon', 36, 'Iss level ka creativity chahiye mujhe bhi 🔧', '2025-07-26 08:04:51', NULL),
(357, 'kaluadon', 36, 'Meme game strong hai 😂🔥', '2025-07-26 08:04:51', NULL),
(358, 'kaluadon', 36, 'Sabse alag reel dekhi aaj 🔥', '2025-07-26 08:04:51', NULL),
(359, 'kaluadon', 36, 'Bhai aise hi content daalte raho!', '2025-07-26 08:04:51', NULL),
(360, 'kaluadon', 36, 'Mood badhiya kar diya isne!', '2025-07-26 08:04:51', NULL),
(361, 'kaluadon', 36, 'Threadly pe sabse cool reel 👑', '2025-07-26 08:04:51', NULL),
(362, 'kaluadon', 36, 'Tu toh artist nikla re bhai 🎨', '2025-07-26 08:04:51', NULL),
(363, 'kaluadon', 36, 'Comment karna zaroori tha 😍', '2025-07-26 08:04:51', NULL),
(364, 'kaluadon', 36, 'Dekhte hi like kar diya instantly', '2025-07-26 08:04:51', NULL),
(365, 'kaluadon', 36, 'Itna clean cut reel mazza aa gaya', '2025-07-26 08:04:51', NULL),
(366, 'kaluadon', 36, 'Kya scene banaya tune 🔥🔥', '2025-07-26 08:04:51', NULL),
(367, 'kaluadon', 36, 'Lagta hai trending pe jayega yeh', '2025-07-26 08:04:51', NULL),
(368, 'kaluadon', 36, 'Tumhare post dekhne ka alag hi feel hai ✨', '2025-07-26 08:04:51', NULL),
(369, 'kaluadon', 36, 'Kal se wait kar raha tha nayi post ka!', '2025-07-26 08:04:51', NULL),
(370, 'kaluadon', 36, 'Iss vibe ko kya naam doon 😅', '2025-07-26 08:04:51', NULL),
(371, 'kaluadon', 36, 'You nailed it boss 💪', '2025-07-26 08:04:51', NULL),
(372, 'kaluadon', 36, 'Lit 🔥 from start to end', '2025-07-26 08:04:51', NULL),
(373, 'kaluadon', 36, 'Kya placement hai music ka!', '2025-07-26 08:04:51', NULL),
(374, 'kaluadon', 36, 'You made my day with this post ❤️', '2025-07-26 08:04:51', NULL),
(375, 'kaluadon', 36, 'Kya story-telling bhai 💯', '2025-07-26 08:04:51', NULL),
(376, 'kaluadon', 36, 'Simple and powerful!', '2025-07-26 08:04:51', NULL),
(377, 'kaluadon', 36, 'Aankhon ka sukoon 😍', '2025-07-26 08:04:51', NULL),
(378, 'kaluadon', 36, 'Main fan ban gaya bhai 🔥', '2025-07-26 08:04:51', NULL),
(379, 'kaluadon', 36, 'Apna kamal dikhaya tune', '2025-07-26 08:04:51', NULL),
(380, 'kaluadon', 36, 'Quality content like always!', '2025-07-26 08:04:51', NULL),
(381, 'kaluadon', 36, 'Too smooth bro 😎', '2025-07-26 08:04:51', NULL),
(382, 'kaluadon', 36, 'Iss level ki creativity sabke bas ki nahi hai', '2025-07-26 08:04:51', NULL),
(383, 'kaluadon', 36, 'Asli aesthetic yeh hota hai 🔥', '2025-07-26 08:04:51', NULL),
(384, 'kaluadon', 36, 'Tu consistently top-notch hai 🔥', '2025-07-26 08:04:51', NULL),
(385, 'kaluadon', 36, 'Har post mein improvement dikhta hai!', '2025-07-26 08:04:51', NULL),
(386, 'kaluadon', 36, 'Yeh post rewind pe chala diya!', '2025-07-26 08:04:51', NULL),
(387, 'kaluadon', 36, 'Bhai full marks tujhe 🙌', '2025-07-26 08:04:51', NULL),
(388, 'kaluadon', 36, 'Haters ko bhi pasand ayega yeh 😏', '2025-07-26 08:04:51', NULL),
(389, 'kaluadon', 36, 'Kya background pick kiya hai!', '2025-07-26 08:04:51', NULL),
(390, 'kaluadon', 36, 'Hook point toh lajawab hai', '2025-07-26 08:04:51', NULL),
(391, 'kaluadon', 36, 'Aise hi banaate rehna bhai', '2025-07-26 08:04:51', NULL),
(392, 'kaluadon', 36, 'Kya humour add kiya hai 🤣', '2025-07-26 08:04:51', NULL),
(393, 'kaluadon', 36, 'Tere reel ka fan ho gaya hun', '2025-07-26 08:04:51', NULL),
(394, 'kaluadon', 36, 'Editing dekh ke aankhen khul gayi!', '2025-07-26 08:04:51', NULL),
(395, 'kaluadon', 36, 'Yeh trend tu pehle le aaya 🔥', '2025-07-26 08:04:51', NULL),
(396, 'kaluadon', 36, 'Kal ki post se aur bhi better 👌', '2025-07-26 08:04:51', NULL),
(397, 'kaluadon', 36, 'Har din kuch naya dekhne ko milta hai tujse', '2025-07-26 08:04:51', NULL),
(398, 'kaluadon', 36, 'Thoda aur lamba bana dete 😭', '2025-07-26 08:04:51', NULL),
(399, 'kaluadon', 36, 'Sirf ek word – EPIC!', '2025-07-26 08:04:51', NULL),
(400, 'kaluadon', 36, 'Iss post ka vibe copied nahi jaa sakta', '2025-07-26 08:04:51', NULL),
(401, 'kaluadon', 36, 'Bhai tu mast dimaag use karta hai', '2025-07-26 08:04:51', NULL),
(402, 'kaluadon', 36, 'Jabardast storytelling!', '2025-07-26 08:04:51', NULL),
(403, 'kaluadon', 36, 'Mujhe fir se dekhna pada yeh 😍', '2025-07-26 08:04:51', NULL),
(404, 'kaluadon', 36, 'Kya tempo match kiya hai reel mein!', '2025-07-26 08:04:51', NULL),
(405, 'kaluadon', 36, 'Doston ke saath share kar diya yeh post!', '2025-07-26 08:04:51', NULL),
(406, 'kaluadon', 36, 'Bhai mast mast reel, mood ban gaya!', '2025-07-26 08:04:51', NULL),
(407, 'kaluadon', 36, 'Next kab aayega bro?', '2025-07-26 08:04:51', NULL),
(408, 'kaluadon', 36, 'Kya watermark bhi style mein dala hai!', '2025-07-26 08:04:51', NULL),
(409, 'kaluadon', 36, 'Aaj ka sabse best content 🥇', '2025-07-26 08:04:51', NULL),
(410, 'kaluadon', 36, 'Yeh post pe toh award milna chahiye', '2025-07-26 08:04:51', NULL),
(411, 'kaluadon', 36, 'Teri vibe alag hi level pe hai', '2025-07-26 08:04:51', NULL),
(412, 'kaluadon', 36, 'Kitne creative ho yaar 😩💫', '2025-07-26 08:04:51', NULL),
(413, 'kaluadon', 36, 'Iss post ne dil jeet liya ❤️', '2025-07-26 08:04:51', NULL),
(414, 'kaluadon', 36, 'Sabko tag kar diya bro 😎', '2025-07-26 08:04:51', NULL),
(415, 'kaluadon', 36, 'Mazaa aagaya fir se dekh ke', '2025-07-26 08:04:51', NULL),
(416, 'kaluadon', 36, 'Tu toh artist nikla 💥', '2025-07-26 08:04:51', NULL),
(417, 'kaluadon', 36, 'Insaan nahi, content machine hai tu 😄', '2025-07-26 08:04:51', NULL),
(418, 'kaluadon', 36, 'Yeh post full fire hai 🔥🔥', '2025-07-26 08:05:02', NULL),
(419, 'kaluadon', 36, 'Bro aisa content chahiye roz!', '2025-07-26 08:05:02', NULL),
(420, 'kaluadon', 36, 'Matlab next level stuff 💯', '2025-07-26 08:05:02', NULL),
(421, 'kaluadon', 36, 'Kya editing hai boss 😮', '2025-07-26 08:05:02', NULL),
(422, 'kaluadon', 36, 'Threadly ka future bright lag raha hai 👏', '2025-07-26 08:05:02', NULL),
(423, 'kaluadon', 36, 'This deserves way more views 📈', '2025-07-26 08:05:02', NULL),
(424, 'kaluadon', 36, 'Kya vibe hai yaar iss reel ki 😍', '2025-07-26 08:05:02', NULL),
(425, 'kaluadon', 36, 'Pure cinematic feel mil raha hai!', '2025-07-26 08:05:02', NULL),
(426, 'kaluadon', 36, 'Back to back banger posts 🔥', '2025-07-26 08:05:02', NULL),
(427, 'kaluadon', 36, 'Kitna mast transition tha!', '2025-07-26 08:05:02', NULL),
(428, 'kaluadon', 36, 'Bhai tu OP hai 🤌', '2025-07-26 08:05:02', NULL),
(429, 'kaluadon', 36, 'Raat ko dekhna aur bhi mazedaar lagta hai yeh reel 😎', '2025-07-26 08:05:02', NULL),
(430, 'kaluadon', 36, 'Music aur timing dono on point 💯', '2025-07-26 08:05:02', NULL),
(431, 'kaluadon', 36, 'Post dekha aur mood fresh ho gaya!', '2025-07-26 08:05:02', NULL),
(432, 'kaluadon', 36, 'Ye reel full-on relatable hai 😂', '2025-07-26 08:05:02', NULL),
(433, 'kaluadon', 36, 'Caption bhi solid tha 🔥', '2025-07-26 08:05:02', NULL),
(434, 'kaluadon', 36, 'Tu kabhi disappoint nahi karta bhai ❤️', '2025-07-26 08:05:02', NULL),
(435, 'kaluadon', 36, 'Kis app se banaya? Vibe aa gaya 🤩', '2025-07-26 08:05:02', NULL),
(436, 'kaluadon', 36, 'Iss level ka creativity chahiye mujhe bhi 🔧', '2025-07-26 08:05:02', NULL),
(437, 'kaluadon', 36, 'Meme game strong hai 😂🔥', '2025-07-26 08:05:02', NULL),
(438, 'kaluadon', 36, 'Sabse alag reel dekhi aaj 🔥', '2025-07-26 08:05:02', NULL),
(439, 'kaluadon', 36, 'Bhai aise hi content daalte raho!', '2025-07-26 08:05:02', NULL),
(440, 'kaluadon', 36, 'Mood badhiya kar diya isne!', '2025-07-26 08:05:02', NULL),
(441, 'kaluadon', 36, 'Threadly pe sabse cool reel 👑', '2025-07-26 08:05:02', NULL),
(442, 'kaluadon', 36, 'Tu toh artist nikla re bhai 🎨', '2025-07-26 08:05:02', NULL),
(443, 'kaluadon', 36, 'Comment karna zaroori tha 😍', '2025-07-26 08:05:02', NULL),
(444, 'kaluadon', 36, 'Dekhte hi like kar diya instantly', '2025-07-26 08:05:02', NULL),
(445, 'kaluadon', 36, 'Itna clean cut reel mazza aa gaya', '2025-07-26 08:05:02', NULL),
(446, 'kaluadon', 36, 'Kya scene banaya tune 🔥🔥', '2025-07-26 08:05:02', NULL),
(447, 'kaluadon', 36, 'Lagta hai trending pe jayega yeh', '2025-07-26 08:05:02', NULL),
(448, 'kaluadon', 36, 'Tumhare post dekhne ka alag hi feel hai ✨', '2025-07-26 08:05:02', NULL),
(449, 'kaluadon', 36, 'Kal se wait kar raha tha nayi post ka!', '2025-07-26 08:05:02', NULL),
(450, 'kaluadon', 36, 'Iss vibe ko kya naam doon 😅', '2025-07-26 08:05:02', NULL),
(451, 'kaluadon', 36, 'You nailed it boss 💪', '2025-07-26 08:05:02', NULL),
(452, 'kaluadon', 36, 'Lit 🔥 from start to end', '2025-07-26 08:05:02', NULL),
(453, 'kaluadon', 36, 'Kya placement hai music ka!', '2025-07-26 08:05:02', NULL),
(454, 'kaluadon', 36, 'You made my day with this post ❤️', '2025-07-26 08:05:02', NULL),
(455, 'kaluadon', 36, 'Kya story-telling bhai 💯', '2025-07-26 08:05:02', NULL),
(456, 'kaluadon', 36, 'Simple and powerful!', '2025-07-26 08:05:02', NULL),
(457, 'kaluadon', 36, 'Aankhon ka sukoon 😍', '2025-07-26 08:05:02', NULL),
(458, 'kaluadon', 36, 'Main fan ban gaya bhai 🔥', '2025-07-26 08:05:02', NULL),
(459, 'kaluadon', 36, 'Apna kamal dikhaya tune', '2025-07-26 08:05:02', NULL),
(460, 'kaluadon', 36, 'Quality content like always!', '2025-07-26 08:05:02', NULL),
(461, 'kaluadon', 36, 'Too smooth bro 😎', '2025-07-26 08:05:02', NULL),
(462, 'kaluadon', 36, 'Iss level ki creativity sabke bas ki nahi hai', '2025-07-26 08:05:02', NULL),
(463, 'kaluadon', 36, 'Asli aesthetic yeh hota hai 🔥', '2025-07-26 08:05:02', NULL),
(464, 'kaluadon', 36, 'Tu consistently top-notch hai 🔥', '2025-07-26 08:05:02', NULL),
(465, 'kaluadon', 36, 'Har post mein improvement dikhta hai!', '2025-07-26 08:05:02', NULL),
(466, 'kaluadon', 36, 'Yeh post rewind pe chala diya!', '2025-07-26 08:05:02', NULL),
(467, 'kaluadon', 36, 'Bhai full marks tujhe 🙌', '2025-07-26 08:05:02', NULL),
(468, 'kaluadon', 36, 'Haters ko bhi pasand ayega yeh 😏', '2025-07-26 08:05:02', NULL),
(469, 'kaluadon', 36, 'Kya background pick kiya hai!', '2025-07-26 08:05:02', NULL),
(470, 'kaluadon', 36, 'Hook point toh lajawab hai', '2025-07-26 08:05:02', NULL),
(471, 'kaluadon', 36, 'Aise hi banaate rehna bhai', '2025-07-26 08:05:02', NULL),
(472, 'kaluadon', 36, 'Kya humour add kiya hai 🤣', '2025-07-26 08:05:02', NULL),
(473, 'kaluadon', 36, 'Tere reel ka fan ho gaya hun', '2025-07-26 08:05:02', NULL),
(474, 'kaluadon', 36, 'Editing dekh ke aankhen khul gayi!', '2025-07-26 08:05:02', NULL),
(475, 'kaluadon', 36, 'Yeh trend tu pehle le aaya 🔥', '2025-07-26 08:05:02', NULL),
(476, 'kaluadon', 36, 'Kal ki post se aur bhi better 👌', '2025-07-26 08:05:02', NULL),
(477, 'kaluadon', 36, 'Har din kuch naya dekhne ko milta hai tujse', '2025-07-26 08:05:02', NULL),
(478, 'kaluadon', 36, 'Thoda aur lamba bana dete 😭', '2025-07-26 08:05:02', NULL),
(479, 'kaluadon', 36, 'Sirf ek word – EPIC!', '2025-07-26 08:05:02', NULL),
(480, 'kaluadon', 36, 'Iss post ka vibe copied nahi jaa sakta', '2025-07-26 08:05:02', NULL),
(481, 'kaluadon', 36, 'Bhai tu mast dimaag use karta hai', '2025-07-26 08:05:02', NULL),
(482, 'kaluadon', 36, 'Jabardast storytelling!', '2025-07-26 08:05:02', NULL),
(483, 'kaluadon', 36, 'Mujhe fir se dekhna pada yeh 😍', '2025-07-26 08:05:02', NULL),
(484, 'kaluadon', 36, 'Kya tempo match kiya hai reel mein!', '2025-07-26 08:05:02', NULL),
(485, 'kaluadon', 36, 'Doston ke saath share kar diya yeh post!', '2025-07-26 08:05:02', NULL),
(486, 'kaluadon', 36, 'Bhai mast mast reel, mood ban gaya!', '2025-07-26 08:05:02', NULL),
(487, 'kaluadon', 36, 'Next kab aayega bro?', '2025-07-26 08:05:02', NULL),
(488, 'kaluadon', 36, 'Kya watermark bhi style mein dala hai!', '2025-07-26 08:05:02', NULL),
(489, 'kaluadon', 36, 'Aaj ka sabse best content 🥇', '2025-07-26 08:05:02', NULL),
(490, 'kaluadon', 36, 'Yeh post pe toh award milna chahiye', '2025-07-26 08:05:02', NULL),
(491, 'kaluadon', 36, 'Teri vibe alag hi level pe hai', '2025-07-26 08:05:02', NULL),
(492, 'kaluadon', 36, 'Kitne creative ho yaar 😩💫', '2025-07-26 08:05:02', NULL),
(493, 'kaluadon', 36, 'Iss post ne dil jeet liya ❤️', '2025-07-26 08:05:02', NULL),
(494, 'kaluadon', 36, 'Sabko tag kar diya bro 😎', '2025-07-26 08:05:02', NULL),
(495, 'kaluadon', 36, 'Mazaa aagaya fir se dekh ke', '2025-07-26 08:05:02', NULL),
(496, 'kaluadon', 36, 'Tu toh artist nikla 💥', '2025-07-26 08:05:02', NULL),
(497, 'kaluadon', 36, 'Insaan nahi, content machine hai tu 😄', '2025-07-26 08:05:02', NULL),
(578, 'kaluadon', 38, 'Yeh post full fire hai 🔥🔥', '2025-07-26 08:05:36', NULL),
(579, 'kaluadon', 38, 'Bro aisa content chahiye roz!', '2025-07-26 08:05:36', NULL),
(580, 'kaluadon', 38, 'Matlab next level stuff 💯', '2025-07-26 08:05:36', NULL),
(581, 'kaluadon', 38, 'Kya editing hai boss 😮', '2025-07-26 08:05:36', NULL),
(582, 'kaluadon', 38, 'Threadly ka future bright lag raha hai 👏', '2025-07-26 08:05:36', NULL),
(583, 'kaluadon', 38, 'This deserves way more views 📈', '2025-07-26 08:05:36', NULL),
(584, 'kaluadon', 38, 'Kya vibe hai yaar iss reel ki 😍', '2025-07-26 08:05:36', NULL),
(585, 'kaluadon', 38, 'Pure cinematic feel mil raha hai!', '2025-07-26 08:05:36', NULL),
(586, 'kaluadon', 38, 'Back to back banger posts 🔥', '2025-07-26 08:05:36', NULL),
(587, 'kaluadon', 38, 'Kitna mast transition tha!', '2025-07-26 08:05:36', NULL),
(588, 'kaluadon', 38, 'Bhai tu OP hai 🤌', '2025-07-26 08:05:36', NULL),
(589, 'kaluadon', 38, 'Raat ko dekhna aur bhi mazedaar lagta hai yeh reel 😎', '2025-07-26 08:05:36', NULL),
(590, 'kaluadon', 38, 'Music aur timing dono on point 💯', '2025-07-26 08:05:36', NULL),
(591, 'kaluadon', 38, 'Post dekha aur mood fresh ho gaya!', '2025-07-26 08:05:36', NULL),
(592, 'kaluadon', 38, 'Ye reel full-on relatable hai 😂', '2025-07-26 08:05:36', NULL),
(593, 'kaluadon', 38, 'Caption bhi solid tha 🔥', '2025-07-26 08:05:36', NULL),
(594, 'kaluadon', 38, 'Tu kabhi disappoint nahi karta bhai ❤️', '2025-07-26 08:05:36', NULL),
(595, 'kaluadon', 38, 'Kis app se banaya? Vibe aa gaya 🤩', '2025-07-26 08:05:36', NULL),
(596, 'kaluadon', 38, 'Iss level ka creativity chahiye mujhe bhi 🔧', '2025-07-26 08:05:36', NULL),
(597, 'kaluadon', 38, 'Meme game strong hai 😂🔥', '2025-07-26 08:05:36', NULL),
(598, 'kaluadon', 38, 'Sabse alag reel dekhi aaj 🔥', '2025-07-26 08:05:36', NULL),
(599, 'kaluadon', 38, 'Bhai aise hi content daalte raho!', '2025-07-26 08:05:36', NULL),
(600, 'kaluadon', 38, 'Mood badhiya kar diya isne!', '2025-07-26 08:05:36', NULL),
(601, 'kaluadon', 38, 'Threadly pe sabse cool reel 👑', '2025-07-26 08:05:36', NULL),
(602, 'kaluadon', 38, 'Tu toh artist nikla re bhai 🎨', '2025-07-26 08:05:36', NULL),
(603, 'kaluadon', 38, 'Comment karna zaroori tha 😍', '2025-07-26 08:05:36', NULL),
(604, 'kaluadon', 38, 'Dekhte hi like kar diya instantly', '2025-07-26 08:05:36', NULL),
(605, 'kaluadon', 38, 'Itna clean cut reel mazza aa gaya', '2025-07-26 08:05:36', NULL),
(606, 'kaluadon', 38, 'Kya scene banaya tune 🔥🔥', '2025-07-26 08:05:36', NULL),
(607, 'kaluadon', 38, 'Lagta hai trending pe jayega yeh', '2025-07-26 08:05:36', NULL),
(608, 'kaluadon', 38, 'Tumhare post dekhne ka alag hi feel hai ✨', '2025-07-26 08:05:36', NULL),
(609, 'kaluadon', 38, 'Kal se wait kar raha tha nayi post ka!', '2025-07-26 08:05:36', NULL),
(610, 'kaluadon', 38, 'Iss vibe ko kya naam doon 😅', '2025-07-26 08:05:36', NULL),
(611, 'kaluadon', 38, 'You nailed it boss 💪', '2025-07-26 08:05:36', NULL),
(612, 'kaluadon', 38, 'Lit 🔥 from start to end', '2025-07-26 08:05:36', NULL),
(613, 'kaluadon', 38, 'Kya placement hai music ka!', '2025-07-26 08:05:36', NULL),
(614, 'kaluadon', 38, 'You made my day with this post ❤️', '2025-07-26 08:05:36', NULL),
(615, 'kaluadon', 38, 'Kya story-telling bhai 💯', '2025-07-26 08:05:36', NULL),
(616, 'kaluadon', 38, 'Simple and powerful!', '2025-07-26 08:05:36', NULL),
(617, 'kaluadon', 38, 'Aankhon ka sukoon 😍', '2025-07-26 08:05:36', NULL),
(618, 'kaluadon', 38, 'Main fan ban gaya bhai 🔥', '2025-07-26 08:05:36', NULL),
(619, 'kaluadon', 38, 'Apna kamal dikhaya tune', '2025-07-26 08:05:36', NULL),
(620, 'kaluadon', 38, 'Quality content like always!', '2025-07-26 08:05:36', NULL),
(621, 'kaluadon', 38, 'Too smooth bro 😎', '2025-07-26 08:05:36', NULL),
(622, 'kaluadon', 38, 'Iss level ki creativity sabke bas ki nahi hai', '2025-07-26 08:05:36', NULL),
(623, 'kaluadon', 38, 'Asli aesthetic yeh hota hai 🔥', '2025-07-26 08:05:36', NULL),
(624, 'kaluadon', 38, 'Tu consistently top-notch hai 🔥', '2025-07-26 08:05:36', NULL),
(625, 'kaluadon', 38, 'Har post mein improvement dikhta hai!', '2025-07-26 08:05:36', NULL),
(626, 'kaluadon', 38, 'Yeh post rewind pe chala diya!', '2025-07-26 08:05:36', NULL),
(627, 'kaluadon', 38, 'Bhai full marks tujhe 🙌', '2025-07-26 08:05:36', NULL),
(628, 'kaluadon', 38, 'Haters ko bhi pasand ayega yeh 😏', '2025-07-26 08:05:36', NULL),
(629, 'kaluadon', 38, 'Kya background pick kiya hai!', '2025-07-26 08:05:36', NULL),
(630, 'kaluadon', 38, 'Hook point toh lajawab hai', '2025-07-26 08:05:36', NULL),
(631, 'kaluadon', 38, 'Aise hi banaate rehna bhai', '2025-07-26 08:05:36', NULL),
(632, 'kaluadon', 38, 'Kya humour add kiya hai 🤣', '2025-07-26 08:05:36', NULL),
(633, 'kaluadon', 38, 'Tere reel ka fan ho gaya hun', '2025-07-26 08:05:36', NULL),
(634, 'kaluadon', 38, 'Editing dekh ke aankhen khul gayi!', '2025-07-26 08:05:36', NULL),
(635, 'kaluadon', 38, 'Yeh trend tu pehle le aaya 🔥', '2025-07-26 08:05:36', NULL),
(636, 'kaluadon', 38, 'Kal ki post se aur bhi better 👌', '2025-07-26 08:05:36', NULL),
(637, 'kaluadon', 38, 'Har din kuch naya dekhne ko milta hai tujse', '2025-07-26 08:05:36', NULL),
(638, 'kaluadon', 38, 'Thoda aur lamba bana dete 😭', '2025-07-26 08:05:36', NULL),
(639, 'kaluadon', 38, 'Sirf ek word – EPIC!', '2025-07-26 08:05:36', NULL),
(640, 'kaluadon', 38, 'Iss post ka vibe copied nahi jaa sakta', '2025-07-26 08:05:36', NULL),
(641, 'kaluadon', 38, 'Bhai tu mast dimaag use karta hai', '2025-07-26 08:05:36', NULL),
(642, 'kaluadon', 38, 'Jabardast storytelling!', '2025-07-26 08:05:36', NULL),
(643, 'kaluadon', 38, 'Mujhe fir se dekhna pada yeh 😍', '2025-07-26 08:05:36', NULL),
(644, 'kaluadon', 38, 'Kya tempo match kiya hai reel mein!', '2025-07-26 08:05:36', NULL),
(645, 'kaluadon', 38, 'Doston ke saath share kar diya yeh post!', '2025-07-26 08:05:36', NULL),
(646, 'kaluadon', 38, 'Bhai mast mast reel, mood ban gaya!', '2025-07-26 08:05:36', NULL),
(647, 'kaluadon', 38, 'Next kab aayega bro?', '2025-07-26 08:05:36', NULL),
(648, 'kaluadon', 38, 'Kya watermark bhi style mein dala hai!', '2025-07-26 08:05:36', NULL),
(649, 'kaluadon', 38, 'Aaj ka sabse best content 🥇', '2025-07-26 08:05:36', NULL),
(650, 'kaluadon', 38, 'Yeh post pe toh award milna chahiye', '2025-07-26 08:05:36', NULL),
(651, 'kaluadon', 38, 'Teri vibe alag hi level pe hai', '2025-07-26 08:05:36', NULL),
(652, 'kaluadon', 38, 'Kitne creative ho yaar 😩💫', '2025-07-26 08:05:36', NULL),
(653, 'kaluadon', 38, 'Iss post ne dil jeet liya ❤️', '2025-07-26 08:05:36', NULL),
(654, 'kaluadon', 38, 'Sabko tag kar diya bro 😎', '2025-07-26 08:05:36', NULL),
(655, 'kaluadon', 38, 'Mazaa aagaya fir se dekh ke', '2025-07-26 08:05:36', NULL),
(656, 'kaluadon', 38, 'Tu toh artist nikla 💥', '2025-07-26 08:05:36', NULL),
(657, 'kaluadon', 38, 'Insaan nahi, content machine hai tu 😄', '2025-07-26 08:05:36', NULL),
(658, 'kaluadon', 38, 'Yeh post full fire hai 🔥🔥', '2025-07-26 08:05:46', NULL),
(659, 'kaluadon', 38, 'Bro aisa content chahiye roz!', '2025-07-26 08:05:46', NULL),
(660, 'kaluadon', 38, 'Matlab next level stuff 💯', '2025-07-26 08:05:46', NULL),
(661, 'kaluadon', 38, 'Kya editing hai boss 😮', '2025-07-26 08:05:46', NULL),
(662, 'kaluadon', 38, 'Threadly ka future bright lag raha hai 👏', '2025-07-26 08:05:46', NULL),
(663, 'kaluadon', 38, 'This deserves way more views 📈', '2025-07-26 08:05:46', NULL),
(664, 'kaluadon', 38, 'Kya vibe hai yaar iss reel ki 😍', '2025-07-26 08:05:46', NULL),
(665, 'kaluadon', 38, 'Pure cinematic feel mil raha hai!', '2025-07-26 08:05:46', NULL),
(666, 'kaluadon', 38, 'Back to back banger posts 🔥', '2025-07-26 08:05:46', NULL),
(667, 'kaluadon', 38, 'Kitna mast transition tha!', '2025-07-26 08:05:46', NULL),
(668, 'kaluadon', 38, 'Bhai tu OP hai 🤌', '2025-07-26 08:05:46', NULL),
(669, 'kaluadon', 38, 'Raat ko dekhna aur bhi mazedaar lagta hai yeh reel 😎', '2025-07-26 08:05:46', NULL),
(670, 'kaluadon', 38, 'Music aur timing dono on point 💯', '2025-07-26 08:05:46', NULL),
(671, 'kaluadon', 38, 'Post dekha aur mood fresh ho gaya!', '2025-07-26 08:05:46', NULL),
(672, 'kaluadon', 38, 'Ye reel full-on relatable hai 😂', '2025-07-26 08:05:46', NULL),
(673, 'kaluadon', 38, 'Caption bhi solid tha 🔥', '2025-07-26 08:05:46', NULL),
(674, 'kaluadon', 38, 'Tu kabhi disappoint nahi karta bhai ❤️', '2025-07-26 08:05:46', NULL),
(675, 'kaluadon', 38, 'Kis app se banaya? Vibe aa gaya 🤩', '2025-07-26 08:05:46', NULL),
(676, 'kaluadon', 38, 'Iss level ka creativity chahiye mujhe bhi 🔧', '2025-07-26 08:05:46', NULL),
(677, 'kaluadon', 38, 'Meme game strong hai 😂🔥', '2025-07-26 08:05:46', NULL),
(678, 'kaluadon', 38, 'Sabse alag reel dekhi aaj 🔥', '2025-07-26 08:05:46', NULL),
(679, 'kaluadon', 38, 'Bhai aise hi content daalte raho!', '2025-07-26 08:05:46', NULL),
(680, 'kaluadon', 38, 'Mood badhiya kar diya isne!', '2025-07-26 08:05:46', NULL),
(681, 'kaluadon', 38, 'Threadly pe sabse cool reel 👑', '2025-07-26 08:05:46', NULL),
(682, 'kaluadon', 38, 'Tu toh artist nikla re bhai 🎨', '2025-07-26 08:05:46', NULL),
(683, 'kaluadon', 38, 'Comment karna zaroori tha 😍', '2025-07-26 08:05:46', NULL),
(684, 'kaluadon', 38, 'Dekhte hi like kar diya instantly', '2025-07-26 08:05:46', NULL),
(685, 'kaluadon', 38, 'Itna clean cut reel mazza aa gaya', '2025-07-26 08:05:46', NULL),
(686, 'kaluadon', 38, 'Kya scene banaya tune 🔥🔥', '2025-07-26 08:05:46', NULL),
(687, 'kaluadon', 38, 'Lagta hai trending pe jayega yeh', '2025-07-26 08:05:46', NULL),
(688, 'kaluadon', 38, 'Tumhare post dekhne ka alag hi feel hai ✨', '2025-07-26 08:05:46', NULL),
(689, 'kaluadon', 38, 'Kal se wait kar raha tha nayi post ka!', '2025-07-26 08:05:46', NULL),
(690, 'kaluadon', 38, 'Iss vibe ko kya naam doon 😅', '2025-07-26 08:05:46', NULL),
(691, 'kaluadon', 38, 'You nailed it boss 💪', '2025-07-26 08:05:46', NULL),
(692, 'kaluadon', 38, 'Lit 🔥 from start to end', '2025-07-26 08:05:46', NULL),
(693, 'kaluadon', 38, 'Kya placement hai music ka!', '2025-07-26 08:05:46', NULL),
(694, 'kaluadon', 38, 'You made my day with this post ❤️', '2025-07-26 08:05:46', NULL),
(695, 'kaluadon', 38, 'Kya story-telling bhai 💯', '2025-07-26 08:05:46', NULL),
(696, 'kaluadon', 38, 'Simple and powerful!', '2025-07-26 08:05:46', NULL),
(697, 'kaluadon', 38, 'Aankhon ka sukoon 😍', '2025-07-26 08:05:46', NULL),
(698, 'kaluadon', 38, 'Main fan ban gaya bhai 🔥', '2025-07-26 08:05:46', NULL),
(699, 'kaluadon', 38, 'Apna kamal dikhaya tune', '2025-07-26 08:05:46', NULL),
(700, 'kaluadon', 38, 'Quality content like always!', '2025-07-26 08:05:46', NULL),
(701, 'kaluadon', 38, 'Too smooth bro 😎', '2025-07-26 08:05:46', NULL),
(702, 'kaluadon', 38, 'Iss level ki creativity sabke bas ki nahi hai', '2025-07-26 08:05:46', NULL),
(703, 'kaluadon', 38, 'Asli aesthetic yeh hota hai 🔥', '2025-07-26 08:05:46', NULL),
(704, 'kaluadon', 38, 'Tu consistently top-notch hai 🔥', '2025-07-26 08:05:46', NULL),
(705, 'kaluadon', 38, 'Har post mein improvement dikhta hai!', '2025-07-26 08:05:46', NULL),
(706, 'kaluadon', 38, 'Yeh post rewind pe chala diya!', '2025-07-26 08:05:46', NULL),
(707, 'kaluadon', 38, 'Bhai full marks tujhe 🙌', '2025-07-26 08:05:46', NULL),
(708, 'kaluadon', 38, 'Haters ko bhi pasand ayega yeh 😏', '2025-07-26 08:05:46', NULL),
(709, 'kaluadon', 38, 'Kya background pick kiya hai!', '2025-07-26 08:05:46', NULL),
(710, 'kaluadon', 38, 'Hook point toh lajawab hai', '2025-07-26 08:05:46', NULL),
(711, 'kaluadon', 38, 'Aise hi banaate rehna bhai', '2025-07-26 08:05:46', NULL),
(712, 'kaluadon', 38, 'Kya humour add kiya hai 🤣', '2025-07-26 08:05:46', NULL),
(713, 'kaluadon', 38, 'Tere reel ka fan ho gaya hun', '2025-07-26 08:05:46', NULL),
(714, 'kaluadon', 38, 'Editing dekh ke aankhen khul gayi!', '2025-07-26 08:05:46', NULL),
(715, 'kaluadon', 38, 'Yeh trend tu pehle le aaya 🔥', '2025-07-26 08:05:46', NULL),
(716, 'kaluadon', 38, 'Kal ki post se aur bhi better 👌', '2025-07-26 08:05:46', NULL),
(717, 'kaluadon', 38, 'Har din kuch naya dekhne ko milta hai tujse', '2025-07-26 08:05:46', NULL),
(718, 'kaluadon', 38, 'Thoda aur lamba bana dete 😭', '2025-07-26 08:05:46', NULL),
(719, 'kaluadon', 38, 'Sirf ek word – EPIC!', '2025-07-26 08:05:46', NULL),
(720, 'kaluadon', 38, 'Iss post ka vibe copied nahi jaa sakta', '2025-07-26 08:05:46', NULL),
(721, 'kaluadon', 38, 'Bhai tu mast dimaag use karta hai', '2025-07-26 08:05:46', NULL),
(722, 'kaluadon', 38, 'Jabardast storytelling!', '2025-07-26 08:05:46', NULL),
(723, 'kaluadon', 38, 'Mujhe fir se dekhna pada yeh 😍', '2025-07-26 08:05:46', NULL),
(724, 'kaluadon', 38, 'Kya tempo match kiya hai reel mein!', '2025-07-26 08:05:46', NULL),
(725, 'kaluadon', 38, 'Doston ke saath share kar diya yeh post!', '2025-07-26 08:05:46', NULL),
(726, 'kaluadon', 38, 'Bhai mast mast reel, mood ban gaya!', '2025-07-26 08:05:46', NULL),
(727, 'kaluadon', 38, 'Next kab aayega bro?', '2025-07-26 08:05:46', NULL),
(728, 'kaluadon', 38, 'Kya watermark bhi style mein dala hai!', '2025-07-26 08:05:46', NULL),
(729, 'kaluadon', 38, 'Aaj ka sabse best content 🥇', '2025-07-26 08:05:46', NULL),
(730, 'kaluadon', 38, 'Yeh post pe toh award milna chahiye', '2025-07-26 08:05:46', NULL),
(731, 'kaluadon', 38, 'Teri vibe alag hi level pe hai', '2025-07-26 08:05:46', NULL),
(732, 'kaluadon', 38, 'Kitne creative ho yaar 😩💫', '2025-07-26 08:05:46', NULL),
(733, 'kaluadon', 38, 'Iss post ne dil jeet liya ❤️', '2025-07-26 08:05:46', NULL),
(734, 'kaluadon', 38, 'Sabko tag kar diya bro 😎', '2025-07-26 08:05:46', NULL),
(735, 'kaluadon', 38, 'Mazaa aagaya fir se dekh ke', '2025-07-26 08:05:46', NULL),
(736, 'kaluadon', 38, 'Tu toh artist nikla 💥', '2025-07-26 08:05:46', NULL),
(737, 'kaluadon', 38, 'Insaan nahi, content machine hai tu 😄', '2025-07-26 08:05:46', NULL),
(738, 'kaluadon', 39, 'Yeh post full fire hai 🔥🔥', '2025-07-26 08:05:56', NULL),
(739, 'kaluadon', 39, 'Bro aisa content chahiye roz!', '2025-07-26 08:05:56', NULL),
(740, 'kaluadon', 39, 'Matlab next level stuff 💯', '2025-07-26 08:05:56', NULL),
(741, 'kaluadon', 39, 'Kya editing hai boss 😮', '2025-07-26 08:05:56', NULL),
(742, 'kaluadon', 39, 'Threadly ka future bright lag raha hai 👏', '2025-07-26 08:05:56', NULL),
(743, 'kaluadon', 39, 'This deserves way more views 📈', '2025-07-26 08:05:56', NULL),
(744, 'kaluadon', 39, 'Kya vibe hai yaar iss reel ki 😍', '2025-07-26 08:05:56', NULL),
(745, 'kaluadon', 39, 'Pure cinematic feel mil raha hai!', '2025-07-26 08:05:56', NULL),
(746, 'kaluadon', 39, 'Back to back banger posts 🔥', '2025-07-26 08:05:56', NULL),
(747, 'kaluadon', 39, 'Kitna mast transition tha!', '2025-07-26 08:05:56', NULL),
(748, 'kaluadon', 39, 'Bhai tu OP hai 🤌', '2025-07-26 08:05:56', NULL),
(749, 'kaluadon', 39, 'Raat ko dekhna aur bhi mazedaar lagta hai yeh reel 😎', '2025-07-26 08:05:56', NULL),
(750, 'kaluadon', 39, 'Music aur timing dono on point 💯', '2025-07-26 08:05:56', NULL),
(751, 'kaluadon', 39, 'Post dekha aur mood fresh ho gaya!', '2025-07-26 08:05:56', NULL),
(752, 'kaluadon', 39, 'Ye reel full-on relatable hai 😂', '2025-07-26 08:05:56', NULL),
(753, 'kaluadon', 39, 'Caption bhi solid tha 🔥', '2025-07-26 08:05:56', NULL),
(754, 'kaluadon', 39, 'Tu kabhi disappoint nahi karta bhai ❤️', '2025-07-26 08:05:56', NULL),
(755, 'kaluadon', 39, 'Kis app se banaya? Vibe aa gaya 🤩', '2025-07-26 08:05:56', NULL),
(756, 'kaluadon', 39, 'Iss level ka creativity chahiye mujhe bhi 🔧', '2025-07-26 08:05:56', NULL),
(757, 'kaluadon', 39, 'Meme game strong hai 😂🔥', '2025-07-26 08:05:56', NULL),
(758, 'kaluadon', 39, 'Sabse alag reel dekhi aaj 🔥', '2025-07-26 08:05:56', NULL),
(759, 'kaluadon', 39, 'Bhai aise hi content daalte raho!', '2025-07-26 08:05:56', NULL),
(760, 'kaluadon', 39, 'Mood badhiya kar diya isne!', '2025-07-26 08:05:56', NULL),
(761, 'kaluadon', 39, 'Threadly pe sabse cool reel 👑', '2025-07-26 08:05:56', NULL),
(762, 'kaluadon', 39, 'Tu toh artist nikla re bhai 🎨', '2025-07-26 08:05:56', NULL),
(763, 'kaluadon', 39, 'Comment karna zaroori tha 😍', '2025-07-26 08:05:56', NULL),
(764, 'kaluadon', 39, 'Dekhte hi like kar diya instantly', '2025-07-26 08:05:56', NULL),
(765, 'kaluadon', 39, 'Itna clean cut reel mazza aa gaya', '2025-07-26 08:05:56', NULL),
(766, 'kaluadon', 39, 'Kya scene banaya tune 🔥🔥', '2025-07-26 08:05:56', NULL),
(767, 'kaluadon', 39, 'Lagta hai trending pe jayega yeh', '2025-07-26 08:05:56', NULL),
(768, 'kaluadon', 39, 'Tumhare post dekhne ka alag hi feel hai ✨', '2025-07-26 08:05:56', NULL),
(769, 'kaluadon', 39, 'Kal se wait kar raha tha nayi post ka!', '2025-07-26 08:05:56', NULL),
(770, 'kaluadon', 39, 'Iss vibe ko kya naam doon 😅', '2025-07-26 08:05:56', NULL),
(771, 'kaluadon', 39, 'You nailed it boss 💪', '2025-07-26 08:05:56', NULL),
(772, 'kaluadon', 39, 'Lit 🔥 from start to end', '2025-07-26 08:05:56', NULL),
(773, 'kaluadon', 39, 'Kya placement hai music ka!', '2025-07-26 08:05:56', NULL),
(774, 'kaluadon', 39, 'You made my day with this post ❤️', '2025-07-26 08:05:56', NULL),
(775, 'kaluadon', 39, 'Kya story-telling bhai 💯', '2025-07-26 08:05:56', NULL),
(776, 'kaluadon', 39, 'Simple and powerful!', '2025-07-26 08:05:56', NULL),
(777, 'kaluadon', 39, 'Aankhon ka sukoon 😍', '2025-07-26 08:05:56', NULL),
(778, 'kaluadon', 39, 'Main fan ban gaya bhai 🔥', '2025-07-26 08:05:56', NULL),
(779, 'kaluadon', 39, 'Apna kamal dikhaya tune', '2025-07-26 08:05:56', NULL),
(780, 'kaluadon', 39, 'Quality content like always!', '2025-07-26 08:05:56', NULL),
(781, 'kaluadon', 39, 'Too smooth bro 😎', '2025-07-26 08:05:56', NULL),
(782, 'kaluadon', 39, 'Iss level ki creativity sabke bas ki nahi hai', '2025-07-26 08:05:56', NULL),
(783, 'kaluadon', 39, 'Asli aesthetic yeh hota hai 🔥', '2025-07-26 08:05:56', NULL),
(784, 'kaluadon', 39, 'Tu consistently top-notch hai 🔥', '2025-07-26 08:05:56', NULL),
(785, 'kaluadon', 39, 'Har post mein improvement dikhta hai!', '2025-07-26 08:05:56', NULL),
(786, 'kaluadon', 39, 'Yeh post rewind pe chala diya!', '2025-07-26 08:05:56', NULL),
(787, 'kaluadon', 39, 'Bhai full marks tujhe 🙌', '2025-07-26 08:05:56', NULL),
(788, 'kaluadon', 39, 'Haters ko bhi pasand ayega yeh 😏', '2025-07-26 08:05:56', NULL),
(789, 'kaluadon', 39, 'Kya background pick kiya hai!', '2025-07-26 08:05:56', NULL),
(790, 'kaluadon', 39, 'Hook point toh lajawab hai', '2025-07-26 08:05:56', NULL),
(791, 'kaluadon', 39, 'Aise hi banaate rehna bhai', '2025-07-26 08:05:56', NULL),
(792, 'kaluadon', 39, 'Kya humour add kiya hai 🤣', '2025-07-26 08:05:56', NULL),
(793, 'kaluadon', 39, 'Tere reel ka fan ho gaya hun', '2025-07-26 08:05:56', NULL),
(794, 'kaluadon', 39, 'Editing dekh ke aankhen khul gayi!', '2025-07-26 08:05:56', NULL),
(795, 'kaluadon', 39, 'Yeh trend tu pehle le aaya 🔥', '2025-07-26 08:05:56', NULL),
(796, 'kaluadon', 39, 'Kal ki post se aur bhi better 👌', '2025-07-26 08:05:56', NULL),
(797, 'kaluadon', 39, 'Har din kuch naya dekhne ko milta hai tujse', '2025-07-26 08:05:56', NULL),
(798, 'kaluadon', 39, 'Thoda aur lamba bana dete 😭', '2025-07-26 08:05:56', NULL),
(799, 'kaluadon', 39, 'Sirf ek word – EPIC!', '2025-07-26 08:05:56', NULL),
(800, 'kaluadon', 39, 'Iss post ka vibe copied nahi jaa sakta', '2025-07-26 08:05:56', NULL),
(801, 'kaluadon', 39, 'Bhai tu mast dimaag use karta hai', '2025-07-26 08:05:56', NULL),
(802, 'kaluadon', 39, 'Jabardast storytelling!', '2025-07-26 08:05:56', NULL),
(803, 'kaluadon', 39, 'Mujhe fir se dekhna pada yeh 😍', '2025-07-26 08:05:56', NULL),
(804, 'kaluadon', 39, 'Kya tempo match kiya hai reel mein!', '2025-07-26 08:05:56', NULL),
(805, 'kaluadon', 39, 'Doston ke saath share kar diya yeh post!', '2025-07-26 08:05:56', NULL),
(806, 'kaluadon', 39, 'Bhai mast mast reel, mood ban gaya!', '2025-07-26 08:05:56', NULL),
(807, 'kaluadon', 39, 'Next kab aayega bro?', '2025-07-26 08:05:56', NULL),
(808, 'kaluadon', 39, 'Kya watermark bhi style mein dala hai!', '2025-07-26 08:05:56', NULL),
(809, 'kaluadon', 39, 'Aaj ka sabse best content 🥇', '2025-07-26 08:05:56', NULL),
(810, 'kaluadon', 39, 'Yeh post pe toh award milna chahiye', '2025-07-26 08:05:56', NULL),
(811, 'kaluadon', 39, 'Teri vibe alag hi level pe hai', '2025-07-26 08:05:56', NULL),
(812, 'kaluadon', 39, 'Kitne creative ho yaar 😩💫', '2025-07-26 08:05:56', NULL),
(813, 'kaluadon', 39, 'Iss post ne dil jeet liya ❤️', '2025-07-26 08:05:56', NULL),
(814, 'kaluadon', 39, 'Sabko tag kar diya bro 😎', '2025-07-26 08:05:56', NULL),
(815, 'kaluadon', 39, 'Mazaa aagaya fir se dekh ke', '2025-07-26 08:05:56', NULL),
(816, 'kaluadon', 39, 'Tu toh artist nikla 💥', '2025-07-26 08:05:56', NULL),
(817, 'kaluadon', 39, 'Insaan nahi, content machine hai tu 😄', '2025-07-26 08:05:56', NULL),
(818, 'kaluadon', 40, 'Yeh post full fire hai 🔥🔥', '2025-07-26 08:06:06', NULL),
(819, 'kaluadon', 40, 'Bro aisa content chahiye roz!', '2025-07-26 08:06:06', NULL),
(820, 'kaluadon', 40, 'Matlab next level stuff 💯', '2025-07-26 08:06:06', NULL),
(821, 'kaluadon', 40, 'Kya editing hai boss 😮', '2025-07-26 08:06:06', NULL),
(822, 'kaluadon', 40, 'Threadly ka future bright lag raha hai 👏', '2025-07-26 08:06:06', NULL),
(823, 'kaluadon', 40, 'This deserves way more views 📈', '2025-07-26 08:06:06', NULL),
(824, 'kaluadon', 40, 'Kya vibe hai yaar iss reel ki 😍', '2025-07-26 08:06:06', NULL),
(825, 'kaluadon', 40, 'Pure cinematic feel mil raha hai!', '2025-07-26 08:06:06', NULL),
(826, 'kaluadon', 40, 'Back to back banger posts 🔥', '2025-07-26 08:06:06', NULL),
(827, 'kaluadon', 40, 'Kitna mast transition tha!', '2025-07-26 08:06:06', NULL),
(828, 'kaluadon', 40, 'Bhai tu OP hai 🤌', '2025-07-26 08:06:06', NULL),
(829, 'kaluadon', 40, 'Raat ko dekhna aur bhi mazedaar lagta hai yeh reel 😎', '2025-07-26 08:06:06', NULL),
(830, 'kaluadon', 40, 'Music aur timing dono on point 💯', '2025-07-26 08:06:06', NULL),
(831, 'kaluadon', 40, 'Post dekha aur mood fresh ho gaya!', '2025-07-26 08:06:06', NULL),
(832, 'kaluadon', 40, 'Ye reel full-on relatable hai 😂', '2025-07-26 08:06:06', NULL),
(833, 'kaluadon', 40, 'Caption bhi solid tha 🔥', '2025-07-26 08:06:06', NULL),
(834, 'kaluadon', 40, 'Tu kabhi disappoint nahi karta bhai ❤️', '2025-07-26 08:06:06', NULL),
(835, 'kaluadon', 40, 'Kis app se banaya? Vibe aa gaya 🤩', '2025-07-26 08:06:06', NULL),
(836, 'kaluadon', 40, 'Iss level ka creativity chahiye mujhe bhi 🔧', '2025-07-26 08:06:06', NULL),
(837, 'kaluadon', 40, 'Meme game strong hai 😂🔥', '2025-07-26 08:06:06', NULL),
(838, 'kaluadon', 40, 'Sabse alag reel dekhi aaj 🔥', '2025-07-26 08:06:06', NULL),
(839, 'kaluadon', 40, 'Bhai aise hi content daalte raho!', '2025-07-26 08:06:06', NULL),
(840, 'kaluadon', 40, 'Mood badhiya kar diya isne!', '2025-07-26 08:06:06', NULL),
(841, 'kaluadon', 40, 'Threadly pe sabse cool reel 👑', '2025-07-26 08:06:06', NULL),
(842, 'kaluadon', 40, 'Tu toh artist nikla re bhai 🎨', '2025-07-26 08:06:06', NULL),
(843, 'kaluadon', 40, 'Comment karna zaroori tha 😍', '2025-07-26 08:06:06', NULL),
(844, 'kaluadon', 40, 'Dekhte hi like kar diya instantly', '2025-07-26 08:06:06', NULL),
(845, 'kaluadon', 40, 'Itna clean cut reel mazza aa gaya', '2025-07-26 08:06:06', NULL),
(846, 'kaluadon', 40, 'Kya scene banaya tune 🔥🔥', '2025-07-26 08:06:06', NULL),
(847, 'kaluadon', 40, 'Lagta hai trending pe jayega yeh', '2025-07-26 08:06:06', NULL),
(848, 'kaluadon', 40, 'Tumhare post dekhne ka alag hi feel hai ✨', '2025-07-26 08:06:06', NULL),
(849, 'kaluadon', 40, 'Kal se wait kar raha tha nayi post ka!', '2025-07-26 08:06:06', NULL),
(850, 'kaluadon', 40, 'Iss vibe ko kya naam doon 😅', '2025-07-26 08:06:06', NULL),
(851, 'kaluadon', 40, 'You nailed it boss 💪', '2025-07-26 08:06:06', NULL),
(852, 'kaluadon', 40, 'Lit 🔥 from start to end', '2025-07-26 08:06:06', NULL),
(853, 'kaluadon', 40, 'Kya placement hai music ka!', '2025-07-26 08:06:06', NULL),
(854, 'kaluadon', 40, 'You made my day with this post ❤️', '2025-07-26 08:06:06', NULL),
(855, 'kaluadon', 40, 'Kya story-telling bhai 💯', '2025-07-26 08:06:06', NULL),
(856, 'kaluadon', 40, 'Simple and powerful!', '2025-07-26 08:06:06', NULL),
(857, 'kaluadon', 40, 'Aankhon ka sukoon 😍', '2025-07-26 08:06:06', NULL),
(858, 'kaluadon', 40, 'Main fan ban gaya bhai 🔥', '2025-07-26 08:06:06', NULL),
(859, 'kaluadon', 40, 'Apna kamal dikhaya tune', '2025-07-26 08:06:06', NULL),
(860, 'kaluadon', 40, 'Quality content like always!', '2025-07-26 08:06:06', NULL),
(861, 'kaluadon', 40, 'Too smooth bro 😎', '2025-07-26 08:06:06', NULL),
(862, 'kaluadon', 40, 'Iss level ki creativity sabke bas ki nahi hai', '2025-07-26 08:06:06', NULL),
(863, 'kaluadon', 40, 'Asli aesthetic yeh hota hai 🔥', '2025-07-26 08:06:06', NULL),
(864, 'kaluadon', 40, 'Tu consistently top-notch hai 🔥', '2025-07-26 08:06:06', NULL),
(865, 'kaluadon', 40, 'Har post mein improvement dikhta hai!', '2025-07-26 08:06:06', NULL),
(866, 'kaluadon', 40, 'Yeh post rewind pe chala diya!', '2025-07-26 08:06:06', NULL),
(867, 'kaluadon', 40, 'Bhai full marks tujhe 🙌', '2025-07-26 08:06:06', NULL),
(868, 'kaluadon', 40, 'Haters ko bhi pasand ayega yeh 😏', '2025-07-26 08:06:06', NULL),
(869, 'kaluadon', 40, 'Kya background pick kiya hai!', '2025-07-26 08:06:06', NULL),
(870, 'kaluadon', 40, 'Hook point toh lajawab hai', '2025-07-26 08:06:06', NULL),
(871, 'kaluadon', 40, 'Aise hi banaate rehna bhai', '2025-07-26 08:06:06', NULL),
(872, 'kaluadon', 40, 'Kya humour add kiya hai 🤣', '2025-07-26 08:06:06', NULL),
(873, 'kaluadon', 40, 'Tere reel ka fan ho gaya hun', '2025-07-26 08:06:06', NULL),
(874, 'kaluadon', 40, 'Editing dekh ke aankhen khul gayi!', '2025-07-26 08:06:06', NULL),
(875, 'kaluadon', 40, 'Yeh trend tu pehle le aaya 🔥', '2025-07-26 08:06:06', NULL),
(876, 'kaluadon', 40, 'Kal ki post se aur bhi better 👌', '2025-07-26 08:06:06', NULL),
(877, 'kaluadon', 40, 'Har din kuch naya dekhne ko milta hai tujse', '2025-07-26 08:06:06', NULL),
(878, 'kaluadon', 40, 'Thoda aur lamba bana dete 😭', '2025-07-26 08:06:06', NULL),
(879, 'kaluadon', 40, 'Sirf ek word – EPIC!', '2025-07-26 08:06:06', NULL),
(880, 'kaluadon', 40, 'Iss post ka vibe copied nahi jaa sakta', '2025-07-26 08:06:06', NULL),
(881, 'kaluadon', 40, 'Bhai tu mast dimaag use karta hai', '2025-07-26 08:06:06', NULL),
(882, 'kaluadon', 40, 'Jabardast storytelling!', '2025-07-26 08:06:06', NULL),
(883, 'kaluadon', 40, 'Mujhe fir se dekhna pada yeh 😍', '2025-07-26 08:06:06', NULL),
(884, 'kaluadon', 40, 'Kya tempo match kiya hai reel mein!', '2025-07-26 08:06:06', NULL),
(885, 'kaluadon', 40, 'Doston ke saath share kar diya yeh post!', '2025-07-26 08:06:06', NULL),
(886, 'kaluadon', 40, 'Bhai mast mast reel, mood ban gaya!', '2025-07-26 08:06:06', NULL),
(887, 'kaluadon', 40, 'Next kab aayega bro?', '2025-07-26 08:06:06', NULL),
(888, 'kaluadon', 40, 'Kya watermark bhi style mein dala hai!', '2025-07-26 08:06:06', NULL),
(889, 'kaluadon', 40, 'Aaj ka sabse best content 🥇', '2025-07-26 08:06:06', NULL),
(890, 'kaluadon', 40, 'Yeh post pe toh award milna chahiye', '2025-07-26 08:06:06', NULL),
(891, 'kaluadon', 40, 'Teri vibe alag hi level pe hai', '2025-07-26 08:06:06', NULL),
(892, 'kaluadon', 40, 'Kitne creative ho yaar 😩💫', '2025-07-26 08:06:06', NULL),
(893, 'kaluadon', 40, 'Iss post ne dil jeet liya ❤️', '2025-07-26 08:06:06', NULL),
(894, 'kaluadon', 40, 'Sabko tag kar diya bro 😎', '2025-07-26 08:06:06', NULL),
(895, 'kaluadon', 40, 'Mazaa aagaya fir se dekh ke', '2025-07-26 08:06:06', NULL),
(896, 'kaluadon', 40, 'Tu toh artist nikla 💥', '2025-07-26 08:06:06', NULL),
(897, 'kaluadon', 40, 'Insaan nahi, content machine hai tu 😄', '2025-07-26 08:06:06', NULL),
(1138, 'kaluadon', 43, 'Yeh post full fire hai 🔥🔥', '2025-07-26 08:07:27', NULL),
(1139, 'kaluadon', 43, 'Bro aisa content chahiye roz!', '2025-07-26 08:07:27', NULL),
(1140, 'kaluadon', 43, 'Matlab next level stuff 💯', '2025-07-26 08:07:27', NULL),
(1141, 'kaluadon', 43, 'Kya editing hai boss 😮', '2025-07-26 08:07:27', NULL),
(1142, 'kaluadon', 43, 'Threadly ka future bright lag raha hai 👏', '2025-07-26 08:07:27', NULL),
(1143, 'kaluadon', 43, 'This deserves way more views 📈', '2025-07-26 08:07:27', NULL),
(1144, 'kaluadon', 43, 'Kya vibe hai yaar iss reel ki 😍', '2025-07-26 08:07:27', NULL),
(1145, 'kaluadon', 43, 'Pure cinematic feel mil raha hai!', '2025-07-26 08:07:27', NULL),
(1146, 'kaluadon', 43, 'Back to back banger posts 🔥', '2025-07-26 08:07:27', NULL),
(1147, 'kaluadon', 43, 'Kitna mast transition tha!', '2025-07-26 08:07:27', NULL),
(1148, 'kaluadon', 43, 'Bhai tu OP hai 🤌', '2025-07-26 08:07:27', NULL),
(1149, 'kaluadon', 43, 'Raat ko dekhna aur bhi mazedaar lagta hai yeh reel 😎', '2025-07-26 08:07:27', NULL),
(1150, 'kaluadon', 43, 'Music aur timing dono on point 💯', '2025-07-26 08:07:27', NULL),
(1151, 'kaluadon', 43, 'Post dekha aur mood fresh ho gaya!', '2025-07-26 08:07:27', NULL),
(1152, 'kaluadon', 43, 'Ye reel full-on relatable hai 😂', '2025-07-26 08:07:27', NULL),
(1153, 'kaluadon', 43, 'Caption bhi solid tha 🔥', '2025-07-26 08:07:27', NULL),
(1154, 'kaluadon', 43, 'Tu kabhi disappoint nahi karta bhai ❤️', '2025-07-26 08:07:27', NULL),
(1155, 'kaluadon', 43, 'Kis app se banaya? Vibe aa gaya 🤩', '2025-07-26 08:07:27', NULL);
INSERT INTO `post_comments` (`commentid`, `userid`, `postid`, `comment_text`, `createdAt`, `replyToCommentId`) VALUES
(1156, 'kaluadon', 43, 'Iss level ka creativity chahiye mujhe bhi 🔧', '2025-07-26 08:07:27', NULL),
(1157, 'kaluadon', 43, 'Meme game strong hai 😂🔥', '2025-07-26 08:07:27', NULL),
(1158, 'kaluadon', 43, 'Sabse alag reel dekhi aaj 🔥', '2025-07-26 08:07:27', NULL),
(1159, 'kaluadon', 43, 'Bhai aise hi content daalte raho!', '2025-07-26 08:07:27', NULL),
(1160, 'kaluadon', 43, 'Mood badhiya kar diya isne!', '2025-07-26 08:07:27', NULL),
(1161, 'kaluadon', 43, 'Threadly pe sabse cool reel 👑', '2025-07-26 08:07:27', NULL),
(1162, 'kaluadon', 43, 'Tu toh artist nikla re bhai 🎨', '2025-07-26 08:07:27', NULL),
(1163, 'kaluadon', 43, 'Comment karna zaroori tha 😍', '2025-07-26 08:07:27', NULL),
(1164, 'kaluadon', 43, 'Dekhte hi like kar diya instantly', '2025-07-26 08:07:27', NULL),
(1165, 'kaluadon', 43, 'Itna clean cut reel mazza aa gaya', '2025-07-26 08:07:27', NULL),
(1166, 'kaluadon', 43, 'Kya scene banaya tune 🔥🔥', '2025-07-26 08:07:27', NULL),
(1167, 'kaluadon', 43, 'Lagta hai trending pe jayega yeh', '2025-07-26 08:07:27', NULL),
(1168, 'kaluadon', 43, 'Tumhare post dekhne ka alag hi feel hai ✨', '2025-07-26 08:07:27', NULL),
(1169, 'kaluadon', 43, 'Kal se wait kar raha tha nayi post ka!', '2025-07-26 08:07:27', NULL),
(1170, 'kaluadon', 43, 'Iss vibe ko kya naam doon 😅', '2025-07-26 08:07:27', NULL),
(1171, 'kaluadon', 43, 'You nailed it boss 💪', '2025-07-26 08:07:27', NULL),
(1172, 'kaluadon', 43, 'Lit 🔥 from start to end', '2025-07-26 08:07:27', NULL),
(1173, 'kaluadon', 43, 'Kya placement hai music ka!', '2025-07-26 08:07:27', NULL),
(1174, 'kaluadon', 43, 'You made my day with this post ❤️', '2025-07-26 08:07:27', NULL),
(1175, 'kaluadon', 43, 'Kya story-telling bhai 💯', '2025-07-26 08:07:27', NULL),
(1176, 'kaluadon', 43, 'Simple and powerful!', '2025-07-26 08:07:27', NULL),
(1177, 'kaluadon', 43, 'Aankhon ka sukoon 😍', '2025-07-26 08:07:27', NULL),
(1178, 'kaluadon', 43, 'Main fan ban gaya bhai 🔥', '2025-07-26 08:07:27', NULL),
(1179, 'kaluadon', 43, 'Apna kamal dikhaya tune', '2025-07-26 08:07:27', NULL),
(1180, 'kaluadon', 43, 'Quality content like always!', '2025-07-26 08:07:27', NULL),
(1181, 'kaluadon', 43, 'Too smooth bro 😎', '2025-07-26 08:07:27', NULL),
(1182, 'kaluadon', 43, 'Iss level ki creativity sabke bas ki nahi hai', '2025-07-26 08:07:27', NULL),
(1183, 'kaluadon', 43, 'Asli aesthetic yeh hota hai 🔥', '2025-07-26 08:07:27', NULL),
(1184, 'kaluadon', 43, 'Tu consistently top-notch hai 🔥', '2025-07-26 08:07:27', NULL),
(1185, 'kaluadon', 43, 'Har post mein improvement dikhta hai!', '2025-07-26 08:07:27', NULL),
(1186, 'kaluadon', 43, 'Yeh post rewind pe chala diya!', '2025-07-26 08:07:27', NULL),
(1187, 'kaluadon', 43, 'Bhai full marks tujhe 🙌', '2025-07-26 08:07:27', NULL),
(1188, 'kaluadon', 43, 'Haters ko bhi pasand ayega yeh 😏', '2025-07-26 08:07:27', NULL),
(1189, 'kaluadon', 43, 'Kya background pick kiya hai!', '2025-07-26 08:07:27', NULL),
(1190, 'kaluadon', 43, 'Hook point toh lajawab hai', '2025-07-26 08:07:27', NULL),
(1191, 'kaluadon', 43, 'Aise hi banaate rehna bhai', '2025-07-26 08:07:27', NULL),
(1192, 'kaluadon', 43, 'Kya humour add kiya hai 🤣', '2025-07-26 08:07:27', NULL),
(1193, 'kaluadon', 43, 'Tere reel ka fan ho gaya hun', '2025-07-26 08:07:27', NULL),
(1194, 'kaluadon', 43, 'Editing dekh ke aankhen khul gayi!', '2025-07-26 08:07:27', NULL),
(1195, 'kaluadon', 43, 'Yeh trend tu pehle le aaya 🔥', '2025-07-26 08:07:27', NULL),
(1196, 'kaluadon', 43, 'Kal ki post se aur bhi better 👌', '2025-07-26 08:07:27', NULL),
(1197, 'kaluadon', 43, 'Har din kuch naya dekhne ko milta hai tujse', '2025-07-26 08:07:27', NULL),
(1198, 'kaluadon', 43, 'Thoda aur lamba bana dete 😭', '2025-07-26 08:07:27', NULL),
(1199, 'kaluadon', 43, 'Sirf ek word – EPIC!', '2025-07-26 08:07:27', NULL),
(1200, 'kaluadon', 43, 'Iss post ka vibe copied nahi jaa sakta', '2025-07-26 08:07:27', NULL),
(1201, 'kaluadon', 43, 'Bhai tu mast dimaag use karta hai', '2025-07-26 08:07:27', NULL),
(1202, 'kaluadon', 43, 'Jabardast storytelling!', '2025-07-26 08:07:27', NULL),
(1203, 'kaluadon', 43, 'Mujhe fir se dekhna pada yeh 😍', '2025-07-26 08:07:27', NULL),
(1204, 'kaluadon', 43, 'Kya tempo match kiya hai reel mein!', '2025-07-26 08:07:27', NULL),
(1205, 'kaluadon', 43, 'Doston ke saath share kar diya yeh post!', '2025-07-26 08:07:27', NULL),
(1206, 'kaluadon', 43, 'Bhai mast mast reel, mood ban gaya!', '2025-07-26 08:07:27', NULL),
(1207, 'kaluadon', 43, 'Next kab aayega bro?', '2025-07-26 08:07:27', NULL),
(1208, 'kaluadon', 43, 'Kya watermark bhi style mein dala hai!', '2025-07-26 08:07:27', NULL),
(1209, 'kaluadon', 43, 'Aaj ka sabse best content 🥇', '2025-07-26 08:07:27', NULL),
(1210, 'kaluadon', 43, 'Yeh post pe toh award milna chahiye', '2025-07-26 08:07:27', NULL),
(1211, 'kaluadon', 43, 'Teri vibe alag hi level pe hai', '2025-07-26 08:07:27', NULL),
(1212, 'kaluadon', 43, 'Kitne creative ho yaar 😩💫', '2025-07-26 08:07:27', NULL),
(1213, 'kaluadon', 43, 'Iss post ne dil jeet liya ❤️', '2025-07-26 08:07:27', NULL),
(1214, 'kaluadon', 43, 'Sabko tag kar diya bro 😎', '2025-07-26 08:07:27', NULL),
(1215, 'kaluadon', 43, 'Mazaa aagaya fir se dekh ke', '2025-07-26 08:07:27', NULL),
(1216, 'kaluadon', 43, 'Tu toh artist nikla 💥', '2025-07-26 08:07:27', NULL),
(1217, 'kaluadon', 43, 'Insaan nahi, content machine hai tu 😄', '2025-07-26 08:07:27', NULL),
(1218, 'kaluadon', 44, 'Yeh post full fire hai 🔥🔥', '2025-07-26 08:07:41', NULL),
(1219, 'kaluadon', 44, 'Bro aisa content chahiye roz!', '2025-07-26 08:07:41', NULL),
(1220, 'kaluadon', 44, 'Matlab next level stuff 💯', '2025-07-26 08:07:41', NULL),
(1221, 'kaluadon', 44, 'Kya editing hai boss 😮', '2025-07-26 08:07:41', NULL),
(1222, 'kaluadon', 44, 'Threadly ka future bright lag raha hai 👏', '2025-07-26 08:07:41', NULL),
(1223, 'kaluadon', 44, 'This deserves way more views 📈', '2025-07-26 08:07:41', NULL),
(1224, 'kaluadon', 44, 'Kya vibe hai yaar iss reel ki 😍', '2025-07-26 08:07:41', NULL),
(1225, 'kaluadon', 44, 'Pure cinematic feel mil raha hai!', '2025-07-26 08:07:41', NULL),
(1226, 'kaluadon', 44, 'Back to back banger posts 🔥', '2025-07-26 08:07:41', NULL),
(1227, 'kaluadon', 44, 'Kitna mast transition tha!', '2025-07-26 08:07:41', NULL),
(1228, 'kaluadon', 44, 'Bhai tu OP hai 🤌', '2025-07-26 08:07:41', NULL),
(1229, 'kaluadon', 44, 'Raat ko dekhna aur bhi mazedaar lagta hai yeh reel 😎', '2025-07-26 08:07:41', NULL),
(1230, 'kaluadon', 44, 'Music aur timing dono on point 💯', '2025-07-26 08:07:41', NULL),
(1231, 'kaluadon', 44, 'Post dekha aur mood fresh ho gaya!', '2025-07-26 08:07:41', NULL),
(1232, 'kaluadon', 44, 'Ye reel full-on relatable hai 😂', '2025-07-26 08:07:41', NULL),
(1233, 'kaluadon', 44, 'Caption bhi solid tha 🔥', '2025-07-26 08:07:41', NULL),
(1234, 'kaluadon', 44, 'Tu kabhi disappoint nahi karta bhai ❤️', '2025-07-26 08:07:41', NULL),
(1235, 'kaluadon', 44, 'Kis app se banaya? Vibe aa gaya 🤩', '2025-07-26 08:07:41', NULL),
(1236, 'kaluadon', 44, 'Iss level ka creativity chahiye mujhe bhi 🔧', '2025-07-26 08:07:41', NULL),
(1237, 'kaluadon', 44, 'Meme game strong hai 😂🔥', '2025-07-26 08:07:41', NULL),
(1238, 'kaluadon', 44, 'Sabse alag reel dekhi aaj 🔥', '2025-07-26 08:07:41', NULL),
(1239, 'kaluadon', 44, 'Bhai aise hi content daalte raho!', '2025-07-26 08:07:41', NULL),
(1240, 'kaluadon', 44, 'Mood badhiya kar diya isne!', '2025-07-26 08:07:41', NULL),
(1241, 'kaluadon', 44, 'Threadly pe sabse cool reel 👑', '2025-07-26 08:07:41', NULL),
(1242, 'kaluadon', 44, 'Tu toh artist nikla re bhai 🎨', '2025-07-26 08:07:41', NULL),
(1243, 'kaluadon', 44, 'Comment karna zaroori tha 😍', '2025-07-26 08:07:41', NULL),
(1244, 'kaluadon', 44, 'Dekhte hi like kar diya instantly', '2025-07-26 08:07:41', NULL),
(1245, 'kaluadon', 44, 'Itna clean cut reel mazza aa gaya', '2025-07-26 08:07:41', NULL),
(1246, 'kaluadon', 44, 'Kya scene banaya tune 🔥🔥', '2025-07-26 08:07:41', NULL),
(1247, 'kaluadon', 44, 'Lagta hai trending pe jayega yeh', '2025-07-26 08:07:41', NULL),
(1248, 'kaluadon', 44, 'Tumhare post dekhne ka alag hi feel hai ✨', '2025-07-26 08:07:41', NULL),
(1249, 'kaluadon', 44, 'Kal se wait kar raha tha nayi post ka!', '2025-07-26 08:07:41', NULL),
(1250, 'kaluadon', 44, 'Iss vibe ko kya naam doon 😅', '2025-07-26 08:07:41', NULL),
(1251, 'kaluadon', 44, 'You nailed it boss 💪', '2025-07-26 08:07:41', NULL),
(1252, 'kaluadon', 44, 'Lit 🔥 from start to end', '2025-07-26 08:07:41', NULL),
(1253, 'kaluadon', 44, 'Kya placement hai music ka!', '2025-07-26 08:07:41', NULL),
(1254, 'kaluadon', 44, 'You made my day with this post ❤️', '2025-07-26 08:07:41', NULL),
(1255, 'kaluadon', 44, 'Kya story-telling bhai 💯', '2025-07-26 08:07:41', NULL),
(1256, 'kaluadon', 44, 'Simple and powerful!', '2025-07-26 08:07:41', NULL),
(1257, 'kaluadon', 44, 'Aankhon ka sukoon 😍', '2025-07-26 08:07:41', NULL),
(1258, 'kaluadon', 44, 'Main fan ban gaya bhai 🔥', '2025-07-26 08:07:41', NULL),
(1259, 'kaluadon', 44, 'Apna kamal dikhaya tune', '2025-07-26 08:07:41', NULL),
(1260, 'kaluadon', 44, 'Quality content like always!', '2025-07-26 08:07:41', NULL),
(1261, 'kaluadon', 44, 'Too smooth bro 😎', '2025-07-26 08:07:41', NULL),
(1262, 'kaluadon', 44, 'Iss level ki creativity sabke bas ki nahi hai', '2025-07-26 08:07:41', NULL),
(1263, 'kaluadon', 44, 'Asli aesthetic yeh hota hai 🔥', '2025-07-26 08:07:41', NULL),
(1264, 'kaluadon', 44, 'Tu consistently top-notch hai 🔥', '2025-07-26 08:07:41', NULL),
(1265, 'kaluadon', 44, 'Har post mein improvement dikhta hai!', '2025-07-26 08:07:41', NULL),
(1266, 'kaluadon', 44, 'Yeh post rewind pe chala diya!', '2025-07-26 08:07:41', NULL),
(1267, 'kaluadon', 44, 'Bhai full marks tujhe 🙌', '2025-07-26 08:07:41', NULL),
(1268, 'kaluadon', 44, 'Haters ko bhi pasand ayega yeh 😏', '2025-07-26 08:07:41', NULL),
(1269, 'kaluadon', 44, 'Kya background pick kiya hai!', '2025-07-26 08:07:41', NULL),
(1270, 'kaluadon', 44, 'Hook point toh lajawab hai', '2025-07-26 08:07:41', NULL),
(1271, 'kaluadon', 44, 'Aise hi banaate rehna bhai', '2025-07-26 08:07:41', NULL),
(1272, 'kaluadon', 44, 'Kya humour add kiya hai 🤣', '2025-07-26 08:07:41', NULL),
(1273, 'kaluadon', 44, 'Tere reel ka fan ho gaya hun', '2025-07-26 08:07:41', NULL),
(1274, 'kaluadon', 44, 'Editing dekh ke aankhen khul gayi!', '2025-07-26 08:07:41', NULL),
(1275, 'kaluadon', 44, 'Yeh trend tu pehle le aaya 🔥', '2025-07-26 08:07:41', NULL),
(1276, 'kaluadon', 44, 'Kal ki post se aur bhi better 👌', '2025-07-26 08:07:41', NULL),
(1277, 'kaluadon', 44, 'Har din kuch naya dekhne ko milta hai tujse', '2025-07-26 08:07:41', NULL),
(1278, 'kaluadon', 44, 'Thoda aur lamba bana dete 😭', '2025-07-26 08:07:41', NULL),
(1279, 'kaluadon', 44, 'Sirf ek word – EPIC!', '2025-07-26 08:07:41', NULL),
(1280, 'kaluadon', 44, 'Iss post ka vibe copied nahi jaa sakta', '2025-07-26 08:07:41', NULL),
(1281, 'kaluadon', 44, 'Bhai tu mast dimaag use karta hai', '2025-07-26 08:07:41', NULL),
(1282, 'kaluadon', 44, 'Jabardast storytelling!', '2025-07-26 08:07:41', NULL),
(1283, 'kaluadon', 44, 'Mujhe fir se dekhna pada yeh 😍', '2025-07-26 08:07:41', NULL),
(1284, 'kaluadon', 44, 'Kya tempo match kiya hai reel mein!', '2025-07-26 08:07:41', NULL),
(1285, 'kaluadon', 44, 'Doston ke saath share kar diya yeh post!', '2025-07-26 08:07:41', NULL),
(1286, 'kaluadon', 44, 'Bhai mast mast reel, mood ban gaya!', '2025-07-26 08:07:41', NULL),
(1287, 'kaluadon', 44, 'Next kab aayega bro?', '2025-07-26 08:07:41', NULL),
(1288, 'kaluadon', 44, 'Kya watermark bhi style mein dala hai!', '2025-07-26 08:07:41', NULL),
(1289, 'kaluadon', 44, 'Aaj ka sabse best content 🥇', '2025-07-26 08:07:41', NULL),
(1290, 'kaluadon', 44, 'Yeh post pe toh award milna chahiye', '2025-07-26 08:07:41', NULL),
(1291, 'kaluadon', 44, 'Teri vibe alag hi level pe hai', '2025-07-26 08:07:41', NULL),
(1292, 'kaluadon', 44, 'Kitne creative ho yaar 😩💫', '2025-07-26 08:07:41', NULL),
(1293, 'kaluadon', 44, 'Iss post ne dil jeet liya ❤️', '2025-07-26 08:07:41', NULL),
(1294, 'kaluadon', 44, 'Sabko tag kar diya bro 😎', '2025-07-26 08:07:41', NULL),
(1295, 'kaluadon', 44, 'Mazaa aagaya fir se dekh ke', '2025-07-26 08:07:41', NULL),
(1296, 'kaluadon', 44, 'Tu toh artist nikla 💥', '2025-07-26 08:07:41', NULL),
(1297, 'kaluadon', 44, 'Insaan nahi, content machine hai tu 😄', '2025-07-26 08:07:41', NULL),
(1298, 'kaluadon', 45, 'Yeh post full fire hai 🔥🔥', '2025-07-26 08:07:52', NULL),
(1299, 'kaluadon', 45, 'Bro aisa content chahiye roz!', '2025-07-26 08:07:52', NULL),
(1300, 'kaluadon', 45, 'Matlab next level stuff 💯', '2025-07-26 08:07:52', NULL),
(1301, 'kaluadon', 45, 'Kya editing hai boss 😮', '2025-07-26 08:07:52', NULL),
(1302, 'kaluadon', 45, 'Threadly ka future bright lag raha hai 👏', '2025-07-26 08:07:52', NULL),
(1303, 'kaluadon', 45, 'This deserves way more views 📈', '2025-07-26 08:07:52', NULL),
(1304, 'kaluadon', 45, 'Kya vibe hai yaar iss reel ki 😍', '2025-07-26 08:07:52', NULL),
(1305, 'kaluadon', 45, 'Pure cinematic feel mil raha hai!', '2025-07-26 08:07:52', NULL),
(1306, 'kaluadon', 45, 'Back to back banger posts 🔥', '2025-07-26 08:07:52', NULL),
(1307, 'kaluadon', 45, 'Kitna mast transition tha!', '2025-07-26 08:07:52', NULL),
(1308, 'kaluadon', 45, 'Bhai tu OP hai 🤌', '2025-07-26 08:07:52', NULL),
(1309, 'kaluadon', 45, 'Raat ko dekhna aur bhi mazedaar lagta hai yeh reel 😎', '2025-07-26 08:07:52', NULL),
(1310, 'kaluadon', 45, 'Music aur timing dono on point 💯', '2025-07-26 08:07:52', NULL),
(1311, 'kaluadon', 45, 'Post dekha aur mood fresh ho gaya!', '2025-07-26 08:07:52', NULL),
(1312, 'kaluadon', 45, 'Ye reel full-on relatable hai 😂', '2025-07-26 08:07:52', NULL),
(1313, 'kaluadon', 45, 'Caption bhi solid tha 🔥', '2025-07-26 08:07:52', NULL),
(1314, 'kaluadon', 45, 'Tu kabhi disappoint nahi karta bhai ❤️', '2025-07-26 08:07:52', NULL),
(1315, 'kaluadon', 45, 'Kis app se banaya? Vibe aa gaya 🤩', '2025-07-26 08:07:52', NULL),
(1316, 'kaluadon', 45, 'Iss level ka creativity chahiye mujhe bhi 🔧', '2025-07-26 08:07:52', NULL),
(1317, 'kaluadon', 45, 'Meme game strong hai 😂🔥', '2025-07-26 08:07:52', NULL),
(1318, 'kaluadon', 45, 'Sabse alag reel dekhi aaj 🔥', '2025-07-26 08:07:52', NULL),
(1319, 'kaluadon', 45, 'Bhai aise hi content daalte raho!', '2025-07-26 08:07:52', NULL),
(1320, 'kaluadon', 45, 'Mood badhiya kar diya isne!', '2025-07-26 08:07:52', NULL),
(1321, 'kaluadon', 45, 'Threadly pe sabse cool reel 👑', '2025-07-26 08:07:52', NULL),
(1322, 'kaluadon', 45, 'Tu toh artist nikla re bhai 🎨', '2025-07-26 08:07:52', NULL),
(1323, 'kaluadon', 45, 'Comment karna zaroori tha 😍', '2025-07-26 08:07:52', NULL),
(1324, 'kaluadon', 45, 'Dekhte hi like kar diya instantly', '2025-07-26 08:07:52', NULL),
(1325, 'kaluadon', 45, 'Itna clean cut reel mazza aa gaya', '2025-07-26 08:07:52', NULL),
(1326, 'kaluadon', 45, 'Kya scene banaya tune 🔥🔥', '2025-07-26 08:07:52', NULL),
(1327, 'kaluadon', 45, 'Lagta hai trending pe jayega yeh', '2025-07-26 08:07:52', NULL),
(1328, 'kaluadon', 45, 'Tumhare post dekhne ka alag hi feel hai ✨', '2025-07-26 08:07:52', NULL),
(1329, 'kaluadon', 45, 'Kal se wait kar raha tha nayi post ka!', '2025-07-26 08:07:52', NULL),
(1330, 'kaluadon', 45, 'Iss vibe ko kya naam doon 😅', '2025-07-26 08:07:52', NULL),
(1331, 'kaluadon', 45, 'You nailed it boss 💪', '2025-07-26 08:07:52', NULL),
(1332, 'kaluadon', 45, 'Lit 🔥 from start to end', '2025-07-26 08:07:52', NULL),
(1333, 'kaluadon', 45, 'Kya placement hai music ka!', '2025-07-26 08:07:52', NULL),
(1334, 'kaluadon', 45, 'You made my day with this post ❤️', '2025-07-26 08:07:52', NULL),
(1335, 'kaluadon', 45, 'Kya story-telling bhai 💯', '2025-07-26 08:07:52', NULL),
(1336, 'kaluadon', 45, 'Simple and powerful!', '2025-07-26 08:07:52', NULL),
(1337, 'kaluadon', 45, 'Aankhon ka sukoon 😍', '2025-07-26 08:07:52', NULL),
(1338, 'kaluadon', 45, 'Main fan ban gaya bhai 🔥', '2025-07-26 08:07:52', NULL),
(1339, 'kaluadon', 45, 'Apna kamal dikhaya tune', '2025-07-26 08:07:52', NULL),
(1340, 'kaluadon', 45, 'Quality content like always!', '2025-07-26 08:07:52', NULL),
(1341, 'kaluadon', 45, 'Too smooth bro 😎', '2025-07-26 08:07:52', NULL),
(1342, 'kaluadon', 45, 'Iss level ki creativity sabke bas ki nahi hai', '2025-07-26 08:07:52', NULL),
(1343, 'kaluadon', 45, 'Asli aesthetic yeh hota hai 🔥', '2025-07-26 08:07:52', NULL),
(1344, 'kaluadon', 45, 'Tu consistently top-notch hai 🔥', '2025-07-26 08:07:52', NULL),
(1345, 'kaluadon', 45, 'Har post mein improvement dikhta hai!', '2025-07-26 08:07:52', NULL),
(1346, 'kaluadon', 45, 'Yeh post rewind pe chala diya!', '2025-07-26 08:07:52', NULL),
(1347, 'kaluadon', 45, 'Bhai full marks tujhe 🙌', '2025-07-26 08:07:52', NULL),
(1348, 'kaluadon', 45, 'Haters ko bhi pasand ayega yeh 😏', '2025-07-26 08:07:52', NULL),
(1349, 'kaluadon', 45, 'Kya background pick kiya hai!', '2025-07-26 08:07:52', NULL),
(1350, 'kaluadon', 45, 'Hook point toh lajawab hai', '2025-07-26 08:07:52', NULL),
(1351, 'kaluadon', 45, 'Aise hi banaate rehna bhai', '2025-07-26 08:07:52', NULL),
(1352, 'kaluadon', 45, 'Kya humour add kiya hai 🤣', '2025-07-26 08:07:52', NULL),
(1353, 'kaluadon', 45, 'Tere reel ka fan ho gaya hun', '2025-07-26 08:07:52', NULL),
(1354, 'kaluadon', 45, 'Editing dekh ke aankhen khul gayi!', '2025-07-26 08:07:52', NULL),
(1355, 'kaluadon', 45, 'Yeh trend tu pehle le aaya 🔥', '2025-07-26 08:07:52', NULL),
(1356, 'kaluadon', 45, 'Kal ki post se aur bhi better 👌', '2025-07-26 08:07:52', NULL),
(1357, 'kaluadon', 45, 'Har din kuch naya dekhne ko milta hai tujse', '2025-07-26 08:07:52', NULL),
(1358, 'kaluadon', 45, 'Thoda aur lamba bana dete 😭', '2025-07-26 08:07:52', NULL),
(1359, 'kaluadon', 45, 'Sirf ek word – EPIC!', '2025-07-26 08:07:52', NULL),
(1360, 'kaluadon', 45, 'Iss post ka vibe copied nahi jaa sakta', '2025-07-26 08:07:52', NULL),
(1361, 'kaluadon', 45, 'Bhai tu mast dimaag use karta hai', '2025-07-26 08:07:52', NULL),
(1362, 'kaluadon', 45, 'Jabardast storytelling!', '2025-07-26 08:07:52', NULL),
(1363, 'kaluadon', 45, 'Mujhe fir se dekhna pada yeh 😍', '2025-07-26 08:07:52', NULL),
(1364, 'kaluadon', 45, 'Kya tempo match kiya hai reel mein!', '2025-07-26 08:07:52', NULL),
(1365, 'kaluadon', 45, 'Doston ke saath share kar diya yeh post!', '2025-07-26 08:07:52', NULL),
(1366, 'kaluadon', 45, 'Bhai mast mast reel, mood ban gaya!', '2025-07-26 08:07:52', NULL),
(1367, 'kaluadon', 45, 'Next kab aayega bro?', '2025-07-26 08:07:52', NULL),
(1368, 'kaluadon', 45, 'Kya watermark bhi style mein dala hai!', '2025-07-26 08:07:52', NULL),
(1369, 'kaluadon', 45, 'Aaj ka sabse best content 🥇', '2025-07-26 08:07:52', NULL),
(1370, 'kaluadon', 45, 'Yeh post pe toh award milna chahiye', '2025-07-26 08:07:52', NULL),
(1371, 'kaluadon', 45, 'Teri vibe alag hi level pe hai', '2025-07-26 08:07:52', NULL),
(1372, 'kaluadon', 45, 'Kitne creative ho yaar 😩💫', '2025-07-26 08:07:52', NULL),
(1373, 'kaluadon', 45, 'Iss post ne dil jeet liya ❤️', '2025-07-26 08:07:52', NULL),
(1374, 'kaluadon', 45, 'Sabko tag kar diya bro 😎', '2025-07-26 08:07:52', NULL),
(1375, 'kaluadon', 45, 'Mazaa aagaya fir se dekh ke', '2025-07-26 08:07:52', NULL),
(1376, 'kaluadon', 45, 'Tu toh artist nikla 💥', '2025-07-26 08:07:52', NULL),
(1377, 'kaluadon', 45, 'Insaan nahi, content machine hai tu 😄', '2025-07-26 08:07:52', NULL),
(1378, 'kaluadon', 46, 'Yeh post full fire hai 🔥🔥', '2025-07-26 08:08:05', NULL),
(1379, 'kaluadon', 46, 'Bro aisa content chahiye roz!', '2025-07-26 08:08:05', NULL),
(1380, 'kaluadon', 46, 'Matlab next level stuff 💯', '2025-07-26 08:08:05', NULL),
(1381, 'kaluadon', 46, 'Kya editing hai boss 😮', '2025-07-26 08:08:05', NULL),
(1382, 'kaluadon', 46, 'Threadly ka future bright lag raha hai 👏', '2025-07-26 08:08:05', NULL),
(1383, 'kaluadon', 46, 'This deserves way more views 📈', '2025-07-26 08:08:05', NULL),
(1384, 'kaluadon', 46, 'Kya vibe hai yaar iss reel ki 😍', '2025-07-26 08:08:05', NULL),
(1385, 'kaluadon', 46, 'Pure cinematic feel mil raha hai!', '2025-07-26 08:08:05', NULL),
(1386, 'kaluadon', 46, 'Back to back banger posts 🔥', '2025-07-26 08:08:05', NULL),
(1387, 'kaluadon', 46, 'Kitna mast transition tha!', '2025-07-26 08:08:05', NULL),
(1388, 'kaluadon', 46, 'Bhai tu OP hai 🤌', '2025-07-26 08:08:05', NULL),
(1389, 'kaluadon', 46, 'Raat ko dekhna aur bhi mazedaar lagta hai yeh reel 😎', '2025-07-26 08:08:05', NULL),
(1390, 'kaluadon', 46, 'Music aur timing dono on point 💯', '2025-07-26 08:08:05', NULL),
(1391, 'kaluadon', 46, 'Post dekha aur mood fresh ho gaya!', '2025-07-26 08:08:05', NULL),
(1392, 'kaluadon', 46, 'Ye reel full-on relatable hai 😂', '2025-07-26 08:08:05', NULL),
(1393, 'kaluadon', 46, 'Caption bhi solid tha 🔥', '2025-07-26 08:08:05', NULL),
(1394, 'kaluadon', 46, 'Tu kabhi disappoint nahi karta bhai ❤️', '2025-07-26 08:08:05', NULL),
(1395, 'kaluadon', 46, 'Kis app se banaya? Vibe aa gaya 🤩', '2025-07-26 08:08:05', NULL),
(1396, 'kaluadon', 46, 'Iss level ka creativity chahiye mujhe bhi 🔧', '2025-07-26 08:08:05', NULL),
(1397, 'kaluadon', 46, 'Meme game strong hai 😂🔥', '2025-07-26 08:08:05', NULL),
(1398, 'kaluadon', 46, 'Sabse alag reel dekhi aaj 🔥', '2025-07-26 08:08:05', NULL),
(1399, 'kaluadon', 46, 'Bhai aise hi content daalte raho!', '2025-07-26 08:08:05', NULL),
(1400, 'kaluadon', 46, 'Mood badhiya kar diya isne!', '2025-07-26 08:08:05', NULL),
(1401, 'kaluadon', 46, 'Threadly pe sabse cool reel 👑', '2025-07-26 08:08:05', NULL),
(1402, 'kaluadon', 46, 'Tu toh artist nikla re bhai 🎨', '2025-07-26 08:08:05', NULL),
(1403, 'kaluadon', 46, 'Comment karna zaroori tha 😍', '2025-07-26 08:08:05', NULL),
(1404, 'kaluadon', 46, 'Dekhte hi like kar diya instantly', '2025-07-26 08:08:05', NULL),
(1405, 'kaluadon', 46, 'Itna clean cut reel mazza aa gaya', '2025-07-26 08:08:05', NULL),
(1406, 'kaluadon', 46, 'Kya scene banaya tune 🔥🔥', '2025-07-26 08:08:05', NULL),
(1407, 'kaluadon', 46, 'Lagta hai trending pe jayega yeh', '2025-07-26 08:08:05', NULL),
(1408, 'kaluadon', 46, 'Tumhare post dekhne ka alag hi feel hai ✨', '2025-07-26 08:08:05', NULL),
(1409, 'kaluadon', 46, 'Kal se wait kar raha tha nayi post ka!', '2025-07-26 08:08:05', NULL),
(1410, 'kaluadon', 46, 'Iss vibe ko kya naam doon 😅', '2025-07-26 08:08:05', NULL),
(1411, 'kaluadon', 46, 'You nailed it boss 💪', '2025-07-26 08:08:05', NULL),
(1412, 'kaluadon', 46, 'Lit 🔥 from start to end', '2025-07-26 08:08:05', NULL),
(1413, 'kaluadon', 46, 'Kya placement hai music ka!', '2025-07-26 08:08:05', NULL),
(1414, 'kaluadon', 46, 'You made my day with this post ❤️', '2025-07-26 08:08:05', NULL),
(1415, 'kaluadon', 46, 'Kya story-telling bhai 💯', '2025-07-26 08:08:05', NULL),
(1416, 'kaluadon', 46, 'Simple and powerful!', '2025-07-26 08:08:05', NULL),
(1417, 'kaluadon', 46, 'Aankhon ka sukoon 😍', '2025-07-26 08:08:05', NULL),
(1418, 'kaluadon', 46, 'Main fan ban gaya bhai 🔥', '2025-07-26 08:08:05', NULL),
(1419, 'kaluadon', 46, 'Apna kamal dikhaya tune', '2025-07-26 08:08:05', NULL),
(1420, 'kaluadon', 46, 'Quality content like always!', '2025-07-26 08:08:05', NULL),
(1421, 'kaluadon', 46, 'Too smooth bro 😎', '2025-07-26 08:08:05', NULL),
(1422, 'kaluadon', 46, 'Iss level ki creativity sabke bas ki nahi hai', '2025-07-26 08:08:05', NULL),
(1423, 'kaluadon', 46, 'Asli aesthetic yeh hota hai 🔥', '2025-07-26 08:08:05', NULL),
(1424, 'kaluadon', 46, 'Tu consistently top-notch hai 🔥', '2025-07-26 08:08:05', NULL),
(1425, 'kaluadon', 46, 'Har post mein improvement dikhta hai!', '2025-07-26 08:08:05', NULL),
(1426, 'kaluadon', 46, 'Yeh post rewind pe chala diya!', '2025-07-26 08:08:05', NULL),
(1427, 'kaluadon', 46, 'Bhai full marks tujhe 🙌', '2025-07-26 08:08:05', NULL),
(1428, 'kaluadon', 46, 'Haters ko bhi pasand ayega yeh 😏', '2025-07-26 08:08:05', NULL),
(1429, 'kaluadon', 46, 'Kya background pick kiya hai!', '2025-07-26 08:08:05', NULL),
(1430, 'kaluadon', 46, 'Hook point toh lajawab hai', '2025-07-26 08:08:05', NULL),
(1431, 'kaluadon', 46, 'Aise hi banaate rehna bhai', '2025-07-26 08:08:05', NULL),
(1432, 'kaluadon', 46, 'Kya humour add kiya hai 🤣', '2025-07-26 08:08:05', NULL),
(1433, 'kaluadon', 46, 'Tere reel ka fan ho gaya hun', '2025-07-26 08:08:05', NULL),
(1434, 'kaluadon', 46, 'Editing dekh ke aankhen khul gayi!', '2025-07-26 08:08:05', NULL),
(1435, 'kaluadon', 46, 'Yeh trend tu pehle le aaya 🔥', '2025-07-26 08:08:05', NULL),
(1436, 'kaluadon', 46, 'Kal ki post se aur bhi better 👌', '2025-07-26 08:08:05', NULL),
(1437, 'kaluadon', 46, 'Har din kuch naya dekhne ko milta hai tujse', '2025-07-26 08:08:05', NULL),
(1438, 'kaluadon', 46, 'Thoda aur lamba bana dete 😭', '2025-07-26 08:08:05', NULL),
(1439, 'kaluadon', 46, 'Sirf ek word – EPIC!', '2025-07-26 08:08:05', NULL),
(1440, 'kaluadon', 46, 'Iss post ka vibe copied nahi jaa sakta', '2025-07-26 08:08:05', NULL),
(1441, 'kaluadon', 46, 'Bhai tu mast dimaag use karta hai', '2025-07-26 08:08:05', NULL),
(1442, 'kaluadon', 46, 'Jabardast storytelling!', '2025-07-26 08:08:05', NULL),
(1443, 'kaluadon', 46, 'Mujhe fir se dekhna pada yeh 😍', '2025-07-26 08:08:05', NULL),
(1444, 'kaluadon', 46, 'Kya tempo match kiya hai reel mein!', '2025-07-26 08:08:05', NULL),
(1445, 'kaluadon', 46, 'Doston ke saath share kar diya yeh post!', '2025-07-26 08:08:05', NULL),
(1446, 'kaluadon', 46, 'Bhai mast mast reel, mood ban gaya!', '2025-07-26 08:08:05', NULL),
(1447, 'kaluadon', 46, 'Next kab aayega bro?', '2025-07-26 08:08:05', NULL),
(1448, 'kaluadon', 46, 'Kya watermark bhi style mein dala hai!', '2025-07-26 08:08:05', NULL),
(1449, 'kaluadon', 46, 'Aaj ka sabse best content 🥇', '2025-07-26 08:08:05', NULL),
(1450, 'kaluadon', 46, 'Yeh post pe toh award milna chahiye', '2025-07-26 08:08:05', NULL),
(1451, 'kaluadon', 46, 'Teri vibe alag hi level pe hai', '2025-07-26 08:08:05', NULL),
(1452, 'kaluadon', 46, 'Kitne creative ho yaar 😩💫', '2025-07-26 08:08:05', NULL),
(1453, 'kaluadon', 46, 'Iss post ne dil jeet liya ❤️', '2025-07-26 08:08:05', NULL),
(1454, 'kaluadon', 46, 'Sabko tag kar diya bro 😎', '2025-07-26 08:08:05', NULL),
(1455, 'kaluadon', 46, 'Mazaa aagaya fir se dekh ke', '2025-07-26 08:08:05', NULL),
(1456, 'kaluadon', 46, 'Tu toh artist nikla 💥', '2025-07-26 08:08:05', NULL),
(1457, 'kaluadon', 46, 'Insaan nahi, content machine hai tu 😄', '2025-07-26 08:08:05', NULL),
(1458, 'kaluadon', 47, 'Yeh post full fire hai 🔥🔥', '2025-07-26 08:08:17', NULL),
(1459, 'kaluadon', 47, 'Bro aisa content chahiye roz!', '2025-07-26 08:08:17', NULL),
(1460, 'kaluadon', 47, 'Matlab next level stuff 💯', '2025-07-26 08:08:17', NULL),
(1461, 'kaluadon', 47, 'Kya editing hai boss 😮', '2025-07-26 08:08:17', NULL),
(1462, 'kaluadon', 47, 'Threadly ka future bright lag raha hai 👏', '2025-07-26 08:08:17', NULL),
(1463, 'kaluadon', 47, 'This deserves way more views 📈', '2025-07-26 08:08:17', NULL),
(1464, 'kaluadon', 47, 'Kya vibe hai yaar iss reel ki 😍', '2025-07-26 08:08:17', NULL),
(1465, 'kaluadon', 47, 'Pure cinematic feel mil raha hai!', '2025-07-26 08:08:17', NULL),
(1466, 'kaluadon', 47, 'Back to back banger posts 🔥', '2025-07-26 08:08:17', NULL),
(1467, 'kaluadon', 47, 'Kitna mast transition tha!', '2025-07-26 08:08:17', NULL),
(1468, 'kaluadon', 47, 'Bhai tu OP hai 🤌', '2025-07-26 08:08:17', NULL),
(1469, 'kaluadon', 47, 'Raat ko dekhna aur bhi mazedaar lagta hai yeh reel 😎', '2025-07-26 08:08:17', NULL),
(1470, 'kaluadon', 47, 'Music aur timing dono on point 💯', '2025-07-26 08:08:17', NULL),
(1471, 'kaluadon', 47, 'Post dekha aur mood fresh ho gaya!', '2025-07-26 08:08:17', NULL),
(1472, 'kaluadon', 47, 'Ye reel full-on relatable hai 😂', '2025-07-26 08:08:17', NULL),
(1473, 'kaluadon', 47, 'Caption bhi solid tha 🔥', '2025-07-26 08:08:17', NULL),
(1474, 'kaluadon', 47, 'Tu kabhi disappoint nahi karta bhai ❤️', '2025-07-26 08:08:17', NULL),
(1475, 'kaluadon', 47, 'Kis app se banaya? Vibe aa gaya 🤩', '2025-07-26 08:08:17', NULL),
(1476, 'kaluadon', 47, 'Iss level ka creativity chahiye mujhe bhi 🔧', '2025-07-26 08:08:17', NULL),
(1477, 'kaluadon', 47, 'Meme game strong hai 😂🔥', '2025-07-26 08:08:17', NULL),
(1478, 'kaluadon', 47, 'Sabse alag reel dekhi aaj 🔥', '2025-07-26 08:08:17', NULL),
(1479, 'kaluadon', 47, 'Bhai aise hi content daalte raho!', '2025-07-26 08:08:17', NULL),
(1480, 'kaluadon', 47, 'Mood badhiya kar diya isne!', '2025-07-26 08:08:17', NULL),
(1481, 'kaluadon', 47, 'Threadly pe sabse cool reel 👑', '2025-07-26 08:08:17', NULL),
(1482, 'kaluadon', 47, 'Tu toh artist nikla re bhai 🎨', '2025-07-26 08:08:17', NULL),
(1483, 'kaluadon', 47, 'Comment karna zaroori tha 😍', '2025-07-26 08:08:17', NULL),
(1484, 'kaluadon', 47, 'Dekhte hi like kar diya instantly', '2025-07-26 08:08:17', NULL),
(1485, 'kaluadon', 47, 'Itna clean cut reel mazza aa gaya', '2025-07-26 08:08:17', NULL),
(1486, 'kaluadon', 47, 'Kya scene banaya tune 🔥🔥', '2025-07-26 08:08:17', NULL),
(1487, 'kaluadon', 47, 'Lagta hai trending pe jayega yeh', '2025-07-26 08:08:17', NULL),
(1488, 'kaluadon', 47, 'Tumhare post dekhne ka alag hi feel hai ✨', '2025-07-26 08:08:17', NULL),
(1489, 'kaluadon', 47, 'Kal se wait kar raha tha nayi post ka!', '2025-07-26 08:08:17', NULL),
(1490, 'kaluadon', 47, 'Iss vibe ko kya naam doon 😅', '2025-07-26 08:08:17', NULL),
(1491, 'kaluadon', 47, 'You nailed it boss 💪', '2025-07-26 08:08:17', NULL),
(1492, 'kaluadon', 47, 'Lit 🔥 from start to end', '2025-07-26 08:08:17', NULL),
(1493, 'kaluadon', 47, 'Kya placement hai music ka!', '2025-07-26 08:08:17', NULL),
(1494, 'kaluadon', 47, 'You made my day with this post ❤️', '2025-07-26 08:08:17', NULL),
(1495, 'kaluadon', 47, 'Kya story-telling bhai 💯', '2025-07-26 08:08:17', NULL),
(1496, 'kaluadon', 47, 'Simple and powerful!', '2025-07-26 08:08:17', NULL),
(1497, 'kaluadon', 47, 'Aankhon ka sukoon 😍', '2025-07-26 08:08:17', NULL),
(1498, 'kaluadon', 47, 'Main fan ban gaya bhai 🔥', '2025-07-26 08:08:17', NULL),
(1499, 'kaluadon', 47, 'Apna kamal dikhaya tune', '2025-07-26 08:08:17', NULL),
(1500, 'kaluadon', 47, 'Quality content like always!', '2025-07-26 08:08:17', NULL),
(1501, 'kaluadon', 47, 'Too smooth bro 😎', '2025-07-26 08:08:17', NULL),
(1502, 'kaluadon', 47, 'Iss level ki creativity sabke bas ki nahi hai', '2025-07-26 08:08:17', NULL),
(1503, 'kaluadon', 47, 'Asli aesthetic yeh hota hai 🔥', '2025-07-26 08:08:17', NULL),
(1504, 'kaluadon', 47, 'Tu consistently top-notch hai 🔥', '2025-07-26 08:08:17', NULL),
(1505, 'kaluadon', 47, 'Har post mein improvement dikhta hai!', '2025-07-26 08:08:17', NULL),
(1506, 'kaluadon', 47, 'Yeh post rewind pe chala diya!', '2025-07-26 08:08:17', NULL),
(1507, 'kaluadon', 47, 'Bhai full marks tujhe 🙌', '2025-07-26 08:08:17', NULL),
(1508, 'kaluadon', 47, 'Haters ko bhi pasand ayega yeh 😏', '2025-07-26 08:08:17', NULL),
(1509, 'kaluadon', 47, 'Kya background pick kiya hai!', '2025-07-26 08:08:17', NULL),
(1510, 'kaluadon', 47, 'Hook point toh lajawab hai', '2025-07-26 08:08:17', NULL),
(1511, 'kaluadon', 47, 'Aise hi banaate rehna bhai', '2025-07-26 08:08:17', NULL),
(1512, 'kaluadon', 47, 'Kya humour add kiya hai 🤣', '2025-07-26 08:08:17', NULL),
(1513, 'kaluadon', 47, 'Tere reel ka fan ho gaya hun', '2025-07-26 08:08:17', NULL),
(1514, 'kaluadon', 47, 'Editing dekh ke aankhen khul gayi!', '2025-07-26 08:08:17', NULL),
(1515, 'kaluadon', 47, 'Yeh trend tu pehle le aaya 🔥', '2025-07-26 08:08:17', NULL),
(1516, 'kaluadon', 47, 'Kal ki post se aur bhi better 👌', '2025-07-26 08:08:17', NULL),
(1517, 'kaluadon', 47, 'Har din kuch naya dekhne ko milta hai tujse', '2025-07-26 08:08:17', NULL),
(1518, 'kaluadon', 47, 'Thoda aur lamba bana dete 😭', '2025-07-26 08:08:17', NULL),
(1519, 'kaluadon', 47, 'Sirf ek word – EPIC!', '2025-07-26 08:08:17', NULL),
(1520, 'kaluadon', 47, 'Iss post ka vibe copied nahi jaa sakta', '2025-07-26 08:08:17', NULL),
(1521, 'kaluadon', 47, 'Bhai tu mast dimaag use karta hai', '2025-07-26 08:08:17', NULL),
(1522, 'kaluadon', 47, 'Jabardast storytelling!', '2025-07-26 08:08:17', NULL),
(1523, 'kaluadon', 47, 'Mujhe fir se dekhna pada yeh 😍', '2025-07-26 08:08:17', NULL),
(1524, 'kaluadon', 47, 'Kya tempo match kiya hai reel mein!', '2025-07-26 08:08:17', NULL),
(1525, 'kaluadon', 47, 'Doston ke saath share kar diya yeh post!', '2025-07-26 08:08:17', NULL),
(1526, 'kaluadon', 47, 'Bhai mast mast reel, mood ban gaya!', '2025-07-26 08:08:17', NULL),
(1527, 'kaluadon', 47, 'Next kab aayega bro?', '2025-07-26 08:08:17', NULL),
(1528, 'kaluadon', 47, 'Kya watermark bhi style mein dala hai!', '2025-07-26 08:08:17', NULL),
(1529, 'kaluadon', 47, 'Aaj ka sabse best content 🥇', '2025-07-26 08:08:17', NULL),
(1530, 'kaluadon', 47, 'Yeh post pe toh award milna chahiye', '2025-07-26 08:08:17', NULL),
(1531, 'kaluadon', 47, 'Teri vibe alag hi level pe hai', '2025-07-26 08:08:17', NULL),
(1532, 'kaluadon', 47, 'Kitne creative ho yaar 😩💫', '2025-07-26 08:08:17', NULL),
(1533, 'kaluadon', 47, 'Iss post ne dil jeet liya ❤️', '2025-07-26 08:08:17', NULL),
(1534, 'kaluadon', 47, 'Sabko tag kar diya bro 😎', '2025-07-26 08:08:17', NULL),
(1535, 'kaluadon', 47, 'Mazaa aagaya fir se dekh ke', '2025-07-26 08:08:17', NULL),
(1536, 'kaluadon', 47, 'Tu toh artist nikla 💥', '2025-07-26 08:08:17', NULL),
(1537, 'kaluadon', 47, 'Insaan nahi, content machine hai tu 😄', '2025-07-26 08:08:17', NULL),
(1538, 'kaluadon', 59, 'new comment', '2025-07-26 08:45:32', NULL),
(1540, 'Mysterious_being', 128, 'my post', '2025-10-07 16:38:07', NULL),
(1542, 'kaluadon', 54, 'hi', '2025-10-31 18:33:27', NULL),
(1543, 'Mysterious_being', 131, 'nice picture', '2025-11-01 17:35:08', NULL),
(1544, 'Mysterious_being', 112, 'hello ji', '2025-11-05 00:09:26', NULL),
(1545, 'Mysterious_being', 99, 'my comments ', '2025-11-05 00:22:24', NULL),
(1546, 'Mysterious_being', 34, 'hello world', '0000-00-00 00:00:00', 256),
(1547, 'Mysterious_being', 121, 'hi', '2025-11-05 02:13:17', NULL),
(1548, 'Mysterious_being', 121, '@Mysterious_being vhvhvhvjbjbubbhbhbubububububub', '2025-11-05 02:13:28', NULL),
(1549, 'Er_Rashid_xyz', 140, 'kaisa laga', '2025-11-05 14:19:03', NULL),
(1550, 'Mysterious_being', 135, 'wow', '2025-11-05 14:33:44', NULL),
(1551, 'Er_Rashid_xyz', 72, 'hello', '2025-11-05 15:30:06', NULL),
(1552, 'kaluadon', 131, '@Mysterious_being hello ji', '2025-11-07 17:43:22', 1543),
(1553, 'kaluadon', 131, '@Mysterious_being mai kya bol raha hun', '2025-11-07 17:46:24', 1543),
(1554, 'kaluadon', 128, '@Mysterious_being hello', '2025-11-07 17:47:29', 1540),
(1555, 'Er_Rashid_xyz', 131, '@Mysterious_being hello ji', '2025-11-08 02:02:51', 1543),
(1556, 'Er_Rashid_xyz', 59, '@kaluadon hi', '2025-11-09 14:11:54', 83),
(1558, 'Er_Rashid_xyz', 115, 'hi', '2025-11-12 15:06:50', NULL),
(1559, 'Mysterious_being', 115, '@Er_Rashid_xyz hi bro', '2025-11-12 15:07:42', 1558),
(1560, 'Er_Rashid_xyz', 149, 'bhail ta ba ho karja ', '2025-11-13 02:01:20', NULL),
(1561, 'Er_Rashid_xyz', 149, '@Er_Rashid_xyz kya bak rahe ho madherchod', '2025-11-13 02:01:39', 1560),
(1562, 'Er_Rashid_xyz', 174, 'wah', '2025-11-17 15:17:04', NULL),
(1563, 'Er_Rashid_xyz', 169, '❤️🎀', '2025-11-17 15:18:32', NULL);

-- --------------------------------------------------------

--
-- Table structure for table `post_likes`
--

DROP TABLE IF EXISTS `post_likes`;
CREATE TABLE IF NOT EXISTS `post_likes` (
  `likeid` int NOT NULL AUTO_INCREMENT,
  `userid` varchar(250) COLLATE utf8mb4_general_ci NOT NULL,
  `postid` int NOT NULL,
  `createdAt` datetime DEFAULT CURRENT_TIMESTAMP,
  PRIMARY KEY (`likeid`),
  KEY `userid` (`userid`),
  KEY `postid` (`postid`)
) ENGINE=InnoDB AUTO_INCREMENT=309 DEFAULT CHARSET=utf8mb4 COLLATE=utf8mb4_general_ci;

--
-- Dumping data for table `post_likes`
--

INSERT INTO `post_likes` (`likeid`, `userid`, `postid`, `createdAt`) VALUES
(112, 'kaluadon', 34, '2025-07-22 13:49:13'),
(113, 'kaluadon', 38, '2025-07-22 21:26:26'),
(115, 'kaluadon', 39, '2025-07-23 11:50:20'),
(116, 'kaluadon', 43, '2025-07-23 12:44:32'),
(117, 'kaluadon', 44, '2025-07-23 13:11:47'),
(118, 'kaluadon', 45, '2025-07-23 13:49:37'),
(119, 'kaluadon', 47, '2025-07-23 14:01:40'),
(120, 'kaluadon', 49, '2025-07-23 14:06:52'),
(123, 'kaluadon', 52, '2025-07-23 14:15:22'),
(124, 'kaluadon', 46, '2025-07-23 23:47:39'),
(125, 'kaluadon', 40, '2025-07-23 23:47:45'),
(129, 'kaluadon', 54, '2025-07-24 00:17:13'),
(130, 'kaluadon', 55, '2025-07-24 00:19:29'),
(131, 'kaluadon', 56, '2025-07-24 00:23:09'),
(132, 'kaluadon', 58, '2025-07-24 00:30:24'),
(133, 'kaluadon', 59, '2025-07-24 00:32:17'),
(135, 'kaluadon', 57, '2025-07-24 00:46:53'),
(136, 'kaluadon', 61, '2025-07-24 01:05:54'),
(137, 'Mysterious_being', 56, '2025-07-24 01:06:59'),
(138, 'Mysterious_being', 58, '2025-07-24 01:07:00'),
(139, 'Mysterious_being', 59, '2025-07-24 01:07:01'),
(140, 'Mysterious_being', 60, '2025-07-24 01:07:04'),
(141, 'Mysterious_being', 61, '2025-07-24 01:07:05'),
(142, 'Mysterious_being', 55, '2025-07-24 01:07:32'),
(143, 'Mysterious_being', 47, '2025-07-24 08:26:45'),
(144, 'Mysterious_being', 65, '2025-07-24 08:33:13'),
(145, 'Mysterious_being', 74, '2025-07-24 14:00:40'),
(146, 'Mysterious_being', 75, '2025-07-24 14:00:44'),
(147, 'Mysterious_being', 72, '2025-07-24 14:01:34'),
(148, 'Mysterious_being', 71, '2025-07-24 14:01:45'),
(150, 'Mysterious_being', 54, '2025-07-24 14:06:37'),
(151, 'Mysterious_being', 52, '2025-07-24 14:06:57'),
(152, 'Mysterious_being', 49, '2025-07-24 14:08:22'),
(153, 'Mysterious_being', 46, '2025-07-24 14:08:41'),
(154, 'Mysterious_being', 45, '2025-07-24 14:09:37'),
(155, 'Mysterious_being', 44, '2025-07-24 14:10:01'),
(156, 'Mysterious_being', 76, '2025-07-24 14:17:28'),
(157, 'Mysterious_being', 79, '2025-07-24 14:26:46'),
(158, 'Mysterious_being', 78, '2025-07-24 14:28:21'),
(159, 'Mysterious_being', 77, '2025-07-24 14:28:23'),
(160, 'Mysterious_being', 73, '2025-07-24 14:29:39'),
(161, 'Mysterious_being', 84, '2025-07-24 14:48:40'),
(164, 'Mysterious_being', 115, '2025-07-24 14:57:25'),
(165, 'Mysterious_being', 114, '2025-07-24 14:58:00'),
(168, 'Mysterious_being', 113, '2025-07-24 14:59:02'),
(169, 'Mysterious_being', 112, '2025-07-24 14:59:24'),
(174, 'Mysterious_being', 107, '2025-07-24 15:01:59'),
(175, 'Mysterious_being', 106, '2025-07-24 15:02:02'),
(176, 'Mysterious_being', 105, '2025-07-24 15:02:14'),
(177, 'Mysterious_being', 104, '2025-07-24 15:02:23'),
(178, 'Mysterious_being', 103, '2025-07-24 15:02:36'),
(179, 'Mysterious_being', 102, '2025-07-24 15:03:01'),
(180, 'Mysterious_being', 101, '2025-07-24 15:03:34'),
(181, 'Mysterious_being', 100, '2025-07-24 15:03:45'),
(182, 'Mysterious_being', 99, '2025-07-24 15:04:03'),
(183, 'Mysterious_being', 98, '2025-07-24 15:05:23'),
(184, 'Mysterious_being', 97, '2025-07-24 15:05:26'),
(185, 'Mysterious_being', 96, '2025-07-24 15:05:36'),
(186, 'Mysterious_being', 95, '2025-07-24 15:05:48'),
(187, 'Mysterious_being', 94, '2025-07-24 15:06:32'),
(188, 'Mysterious_being', 93, '2025-07-24 15:06:48'),
(189, 'Mysterious_being', 92, '2025-07-24 15:07:04'),
(190, 'Mysterious_being', 91, '2025-07-24 15:07:30'),
(191, 'Mysterious_being', 90, '2025-07-24 15:07:35'),
(192, 'Mysterious_being', 88, '2025-07-24 15:08:37'),
(193, 'Mysterious_being', 89, '2025-07-24 15:08:38'),
(194, 'Mysterious_being', 87, '2025-07-24 15:08:53'),
(195, 'Mysterious_being', 86, '2025-07-24 15:08:58'),
(196, 'Mysterious_being', 85, '2025-07-24 15:09:05'),
(197, 'Mysterious_being', 83, '2025-07-24 15:12:18'),
(198, 'Mysterious_being', 82, '2025-07-24 15:12:22'),
(199, 'Mysterious_being', 81, '2025-07-24 15:13:04'),
(200, 'Mysterious_being', 80, '2025-07-24 15:13:17'),
(202, 'Mysterious_being', 67, '2025-07-26 08:09:16'),
(203, 'Mysterious_being', 68, '2025-07-26 08:17:08'),
(204, 'Mysterious_being', 66, '2025-07-26 08:17:57'),
(205, 'Mysterious_being', 38, '2025-07-26 08:18:29'),
(206, 'kaluadon', 91, '2025-07-26 08:21:00'),
(210, 'Mysterious_being', 51, '2025-08-02 12:31:34'),
(211, 'Mysterious_being', 39, '2025-08-02 12:31:44'),
(215, 'Mysterious_being', 57, '2025-08-07 16:07:46'),
(216, 'Mysterious_being', 121, '2025-08-07 16:26:34'),
(218, 'Mysterious_being', 122, '2025-08-22 21:34:53'),
(219, 'Mysterious_being', 62, '2025-09-15 23:57:50'),
(224, 'Mysterious_being', 53, '2025-10-05 17:36:58'),
(236, 'Mysterious_being', 36, '2025-10-05 17:50:31'),
(239, 'kaluadon', 121, '2025-10-07 15:33:58'),
(240, 'kaluadon', 114, '2025-10-07 16:07:19'),
(241, 'kaluadon', 128, '2025-10-07 16:37:19'),
(248, 'kaluadon', 50, '2025-10-31 18:33:46'),
(250, 'Mysterious_being', 111, '2025-10-31 19:02:27'),
(251, 'Mysterious_being', 131, '2025-11-01 17:34:38'),
(252, 'Er_Rashid_xyz', 131, '2025-11-01 17:34:56'),
(254, 'Mysterious_being', 108, '2025-11-01 17:52:45'),
(255, 'Mysterious_being', 40, '2025-11-01 18:00:02'),
(256, 'Er_Rashid_xyz', 140, '2025-11-05 14:18:56'),
(257, 'Mysterious_being', 135, '2025-11-05 14:33:40'),
(258, 'Er_Rashid_xyz', 152, '2025-11-05 14:39:41'),
(259, 'Er_Rashid_xyz', 38, '2025-11-05 14:55:57'),
(260, 'Er_Rashid_xyz', 56, '2025-11-05 14:56:44'),
(261, 'Er_Rashid_xyz', 98, '2025-11-05 15:25:06'),
(262, 'Er_Rashid_xyz', 114, '2025-11-05 15:26:03'),
(263, 'Er_Rashid_xyz', 135, '2025-11-05 15:26:37'),
(264, 'Er_Rashid_xyz', 45, '2025-11-05 15:28:26'),
(265, 'Er_Rashid_xyz', 141, '2025-11-05 15:30:47'),
(266, 'Er_Rashid_xyz', 149, '2025-11-05 15:33:39'),
(267, 'Er_Rashid_xyz', 143, '2025-11-05 15:34:26'),
(268, 'Er_Rashid_xyz', 161, '2025-11-07 14:04:35'),
(269, 'Er_Rashid_xyz', 122, '2025-11-07 16:40:07'),
(271, 'Er_Rashid_xyz', 53, '2025-11-07 16:53:31'),
(277, 'Er_Rashid_xyz', 36, '2025-11-07 17:17:16'),
(278, 'Er_Rashid_xyz', 86, '2025-11-09 14:11:41'),
(284, 'Er_Rashid_xyz', 137, '2025-11-09 22:46:53'),
(285, 'Er_Rashid_xyz', 91, '2025-11-09 22:48:11'),
(286, 'Er_Rashid_xyz', 115, '2025-11-12 15:07:25'),
(287, 'Er_Rashid_xyz', 92, '2025-11-13 01:54:47'),
(288, 'Er_Rashid_xyz', 96, '2025-11-13 01:54:57'),
(289, 'Er_Rashid_xyz', 109, '2025-11-13 01:55:08'),
(290, 'Er_Rashid_xyz', 80, '2025-11-13 01:55:39'),
(291, 'Er_Rashid_xyz', 151, '2025-11-13 01:55:56'),
(292, 'Er_Rashid_xyz', 89, '2025-11-13 01:56:54'),
(293, 'Er_Rashid_xyz', 138, '2025-11-13 01:56:59'),
(294, 'Er_Rashid_xyz', 90, '2025-11-13 01:57:02'),
(295, 'Er_Rashid_xyz', 113, '2025-11-13 01:57:05'),
(296, 'Er_Rashid_xyz', 84, '2025-11-13 01:57:08'),
(297, 'Er_Rashid_xyz', 55, '2025-11-13 01:58:36'),
(298, 'Er_Rashid_xyz', 125, '2025-11-13 01:59:57'),
(299, 'Er_Rashid_xyz', 159, '2025-11-13 02:00:06'),
(300, 'Er_Rashid_xyz', 158, '2025-11-13 02:00:12'),
(301, 'Er_Rashid_xyz', 156, '2025-11-13 02:00:29'),
(303, 'Er_Rashid_xyz', 174, '2025-11-17 15:16:55'),
(304, 'Er_Rashid_xyz', 173, '2025-11-17 15:17:31'),
(305, 'Er_Rashid_xyz', 172, '2025-11-17 15:17:43'),
(306, 'Er_Rashid_xyz', 169, '2025-11-17 15:18:21'),
(307, 'Er_Rashid_xyz', 168, '2025-11-17 15:18:49'),
(308, 'kaluadon', 60, '2025-11-17 15:20:27');

-- --------------------------------------------------------

--
-- Table structure for table `post_shares`
--

DROP TABLE IF EXISTS `post_shares`;
CREATE TABLE IF NOT EXISTS `post_shares` (
  `shareid` int NOT NULL AUTO_INCREMENT,
  `sharerid` varchar(250) COLLATE utf8mb4_general_ci NOT NULL,
  `sharedto` varchar(250) COLLATE utf8mb4_general_ci NOT NULL,
  `postid` int NOT NULL,
  `createdAt` datetime DEFAULT CURRENT_TIMESTAMP,
  PRIMARY KEY (`shareid`),
  KEY `sharerid` (`sharerid`),
  KEY `sharedto` (`sharedto`),
  KEY `postid` (`postid`)
) ENGINE=InnoDB DEFAULT CHARSET=utf8mb4 COLLATE=utf8mb4_general_ci;

-- --------------------------------------------------------

--
-- Table structure for table `story`
--

DROP TABLE IF EXISTS `story`;
CREATE TABLE IF NOT EXISTS `story` (
  `id` int NOT NULL AUTO_INCREMENT,
  `userid` varchar(250) COLLATE utf8mb4_general_ci NOT NULL,
  `storyUrl` text COLLATE utf8mb4_general_ci NOT NULL,
  `createdAt` datetime NOT NULL DEFAULT CURRENT_TIMESTAMP,
  `type` varchar(50) COLLATE utf8mb4_general_ci NOT NULL DEFAULT 'image',
  PRIMARY KEY (`id`),
  KEY `userid` (`userid`)
) ENGINE=InnoDB AUTO_INCREMENT=19 DEFAULT CHARSET=utf8mb4 COLLATE=utf8mb4_general_ci;

--
-- Dumping data for table `story`
--

INSERT INTO `story` (`id`, `userid`, `storyUrl`, `createdAt`, `type`) VALUES
(2, 'Mysterious_being', 'https://res.cloudinary.com/dphwlcyhg/image/upload/v1753875435/a8aogfjbxaoz1gw8ihpe.jpg', '2025-07-30 17:07:17', 'image'),
(3, 'Mysterious_being', 'https://res.cloudinary.com/dphwlcyhg/video/upload/v1753948605/y0rrflmsldj3ixe5se5t.mp4', '2025-07-31 13:26:46', 'video'),
(4, 'kaluadon', 'https://res.cloudinary.com/dphwlcyhg/image/upload/v1753951396/mynuvpgyjcec4tuq28nk.jpg', '2025-07-31 14:13:17', 'image'),
(5, 'kaluadon', 'https://res.cloudinary.com/dphwlcyhg/image/upload/v1754040443/q9l43b8bpryfzhlgkbg9.jpg', '2025-08-01 14:57:24', 'image'),
(6, 'kaluadon', 'https://res.cloudinary.com/dphwlcyhg/image/upload/v1754042466/ivpmcbrwchrqnccmawxz.jpg', '2025-08-01 15:31:07', 'image'),
(7, 'Mysterious_being', 'https://res.cloudinary.com/dphwlcyhg/image/upload/v1754048057/rcsmvl92oaxpoj99zviy.jpg', '2025-08-01 17:04:18', 'image'),
(8, 'Mysterious_being', 'https://res.cloudinary.com/dphwlcyhg/video/upload/v1754052845/qss5karcmuouket7eca8.mp4', '2025-08-01 18:24:07', 'video'),
(9, 'kaluadon', 'https://res.cloudinary.com/dphwlcyhg/video/upload/v1754114122/rhhbojg79tjgzeo4m1by.mp4', '2025-08-02 11:25:24', 'video'),
(10, 'kaluadon', 'https://res.cloudinary.com/dphwlcyhg/video/upload/v1754200285/y47775tntsizeshlhuhi.mp4', '2025-08-03 11:21:27', 'video'),
(11, 'kaluadon', 'https://res.cloudinary.com/dphwlcyhg/video/upload/v1754201178/cqy5rshufuk59oqlpqox.mp4', '2025-08-03 11:36:20', 'video'),
(13, 'Mysterious_being', 'https://res.cloudinary.com/dphwlcyhg/video/upload/v1754395621/ogtim4dttxyhegdb56b3.mp4', '2025-08-05 17:37:05', 'video'),
(15, 'Mysterious_being', 'https://res.cloudinary.com/dphwlcyhg/video/upload/v1754564967/yq344gdhrz1pil4n4lvy.mp4', '2025-08-07 16:39:29', 'video'),
(17, 'Mysterious_being', 'https://res.cloudinary.com/dphwlcyhg/video/upload/v1755947289/k51mrmabwcpkixbfh1gy.mp4', '2025-08-23 16:38:12', 'video'),
(18, 'Er_Rashid_xyz', 'https://res.cloudinary.com/dphwlcyhg/image/upload/v1762333050/kf5tdvrqre5euymskt9k.jpg', '2025-11-05 14:27:31', 'image');

-- --------------------------------------------------------

--
-- Table structure for table `story_likes`
--

DROP TABLE IF EXISTS `story_likes`;
CREATE TABLE IF NOT EXISTS `story_likes` (
  `likeid` int NOT NULL AUTO_INCREMENT,
  `userid` varchar(250) COLLATE utf8mb4_general_ci NOT NULL,
  `storyid` int NOT NULL,
  `createdAt` datetime DEFAULT CURRENT_TIMESTAMP,
  PRIMARY KEY (`likeid`),
  KEY `userid` (`userid`),
  KEY `storyid` (`storyid`)
) ENGINE=InnoDB AUTO_INCREMENT=18 DEFAULT CHARSET=utf8mb4 COLLATE=utf8mb4_general_ci;

--
-- Dumping data for table `story_likes`
--

INSERT INTO `story_likes` (`likeid`, `userid`, `storyid`, `createdAt`) VALUES
(1, 'mysterious_being', 5, '2025-08-01 17:00:27'),
(2, 'Mysterious_being', 6, '2025-08-01 17:57:42'),
(4, 'kaluadon', 7, '2025-08-02 11:09:06'),
(5, 'kaluadon', 8, '2025-08-02 11:20:39'),
(8, 'Mysterious_being', 10, '2025-08-03 11:22:09'),
(9, 'Mysterious_being', 11, '2025-08-03 12:14:12'),
(12, 'Mysterious_being', 13, '2025-08-05 17:58:17'),
(14, 'Mysterious_being', 15, '2025-08-07 16:39:47'),
(15, 'kaluadon', 17, '2025-08-23 16:40:53'),
(16, 'Er_Rashid_xyz', 18, '2025-11-05 14:27:48'),
(17, 'Mysterious_being', 18, '2025-11-05 14:33:05');

-- --------------------------------------------------------

--
-- Table structure for table `users`
--

DROP TABLE IF EXISTS `users`;
CREATE TABLE IF NOT EXISTS `users` (
  `userid` varchar(250) COLLATE utf8mb4_general_ci NOT NULL,
  `username` text COLLATE utf8mb4_general_ci NOT NULL,
  `email` varchar(250) COLLATE utf8mb4_general_ci DEFAULT NULL,
  `phone` varchar(255) COLLATE utf8mb4_general_ci DEFAULT NULL,
  `pass` text COLLATE utf8mb4_general_ci NOT NULL,
  `bio` text COLLATE utf8mb4_general_ci,
  `profilepic` text COLLATE utf8mb4_general_ci,
  `dob` date NOT NULL,
  `createdAt` datetime NOT NULL DEFAULT CURRENT_TIMESTAMP,
  `uuid` varchar(36) COLLATE utf8mb4_general_ci NOT NULL,
  `fcmToken` text COLLATE utf8mb4_general_ci,
  `isPrivate` tinyint(1) DEFAULT '0',
  PRIMARY KEY (`userid`),
  UNIQUE KEY `uuid` (`uuid`),
  UNIQUE KEY `uuid_2` (`uuid`),
  UNIQUE KEY `email` (`email`),
  UNIQUE KEY `phone` (`phone`)
) ENGINE=InnoDB DEFAULT CHARSET=utf8mb4 COLLATE=utf8mb4_general_ci;

--
-- Dumping data for table `users`
--

INSERT INTO `users` (`userid`, `username`, `email`, `phone`, `pass`, `bio`, `profilepic`, `dob`, `createdAt`, `uuid`, `fcmToken`, `isPrivate`) VALUES
('Er_Rashid_xyz', 'rashid ekbal', 'rasidekbal29@gmail.com', NULL, '$2b$12$Et4QB5PLHfPGonKo86BT/.Su5HqOc6VNnuUmbiE9qwNGllpApdeei', 'developer ~', 'https://res.cloudinary.com/dphwlcyhg/image/upload/v1762677175/lvphah6uiyvj1zzjvoda.webp', '2025-10-16', '2025-10-16 00:51:26', 'eab65880-3341-4ba3-8fbc-640359df7752', 'dH5NCGt2QZaWz8jNDpgs0A:APA91bE2tHRSG8Y3a246RpD0y1I0PdW3ErPkvll4IntwHyPNEWltn9SizmrXAoDN93r30s3iWRx6tMrnYzXPyjR0VgjWYhI0SXmvjKmypsZSVQQmMDz7AA8', 1),
('kaluadon', 'Rani', 'rtechdevlopment123@gmail.com', NULL, '$2b$12$a9xomUz7XKvn/BYKgiXJD.1RjeKoFbEgoZNR9rUXY8c/HM1bg4zlq', '💻 Dev Vibe:\nAndroid dev ⚙️ | Java ❤️ | Building things that matter\n🎧 Soft + Poetic:\nCode in my veins, silence in my soul 🌌\n🔥 Flirty + Cool', 'https://res.cloudinary.com/dphwlcyhg/image/upload/v1754564929/exliaf9par4b8yjvdtrn.jpg', '2025-06-01', '2025-06-22 15:31:49', '710b962e-041c-11e1-9234-5123456789ab', NULL, 0),
('Mysterious_being', 'mysterious devil', NULL, '9123481953', '$2a$10$rKG82muePaAXJNpXstVW0.GDeX8jtn1Dfq8FGSN4F40HeRVyk3Azm', '💻 Android Dev 💥\n ☕ Java Junkie \n 🚀 Dreamin’ big, building bigger\n ⚡ Hustle > Hype\n🧠 Engineer Mode: ON', 'https://res.cloudinary.com/dphwlcyhg/image/upload/v1754564883/vziiwfxvnrj3ouhwcq42.png', '2025-05-11', '2025-05-11 23:00:44', '710b962e-041c-11e1-9234-5123456709ab', 'frsvCjDLT4m0605zN2HHtE:APA91bE4xtn6jEd6dgw8ObvdZ0pQUMm23TIcv3i0KDWdQJj3u6F7-RNYsiM7ahXM6BryCcDf16BM9Sod9HbqeHKc_FFF163GlfcOiHLA84cBMo_511H0Mx8', 1);

--
-- Constraints for dumped tables
--

--
-- Constraints for table `comment_likes`
--
ALTER TABLE `comment_likes`
  ADD CONSTRAINT `comment_likes_ibfk_1` FOREIGN KEY (`userid`) REFERENCES `users` (`userid`) ON DELETE CASCADE ON UPDATE CASCADE,
  ADD CONSTRAINT `comment_likes_ibfk_2` FOREIGN KEY (`commentid`) REFERENCES `post_comments` (`commentid`) ON DELETE CASCADE ON UPDATE CASCADE;

--
-- Constraints for table `followers`
--
ALTER TABLE `followers`
  ADD CONSTRAINT `followers_ibfk_1` FOREIGN KEY (`followerid`) REFERENCES `users` (`userid`) ON DELETE CASCADE ON UPDATE CASCADE,
  ADD CONSTRAINT `followers_ibfk_2` FOREIGN KEY (`followingid`) REFERENCES `users` (`userid`) ON DELETE CASCADE ON UPDATE CASCADE;

--
-- Constraints for table `imagepost`
--
ALTER TABLE `imagepost`
  ADD CONSTRAINT `imagepost_ibfk_1` FOREIGN KEY (`userid`) REFERENCES `users` (`userid`) ON DELETE CASCADE ON UPDATE CASCADE;

--
-- Constraints for table `post_comments`
--
ALTER TABLE `post_comments`
  ADD CONSTRAINT `post_comments_ibfk_1` FOREIGN KEY (`userid`) REFERENCES `users` (`userid`) ON DELETE CASCADE ON UPDATE CASCADE,
  ADD CONSTRAINT `post_comments_ibfk_2` FOREIGN KEY (`postid`) REFERENCES `imagepost` (`postid`) ON DELETE CASCADE ON UPDATE CASCADE,
  ADD CONSTRAINT `post_comments_ibfk_3` FOREIGN KEY (`replyToCommentId`) REFERENCES `post_comments` (`commentid`) ON DELETE CASCADE ON UPDATE CASCADE;

--
-- Constraints for table `post_likes`
--
ALTER TABLE `post_likes`
  ADD CONSTRAINT `post_likes_ibfk_1` FOREIGN KEY (`userid`) REFERENCES `users` (`userid`) ON DELETE CASCADE ON UPDATE CASCADE,
  ADD CONSTRAINT `post_likes_ibfk_2` FOREIGN KEY (`postid`) REFERENCES `imagepost` (`postid`) ON DELETE CASCADE ON UPDATE CASCADE;

--
-- Constraints for table `post_shares`
--
ALTER TABLE `post_shares`
  ADD CONSTRAINT `post_shares_ibfk_1` FOREIGN KEY (`sharerid`) REFERENCES `users` (`userid`) ON DELETE CASCADE ON UPDATE CASCADE,
  ADD CONSTRAINT `post_shares_ibfk_2` FOREIGN KEY (`sharedto`) REFERENCES `users` (`userid`) ON DELETE CASCADE ON UPDATE CASCADE,
  ADD CONSTRAINT `post_shares_ibfk_3` FOREIGN KEY (`postid`) REFERENCES `imagepost` (`postid`) ON DELETE CASCADE ON UPDATE CASCADE;

--
-- Constraints for table `story`
--
ALTER TABLE `story`
  ADD CONSTRAINT `story_ibfk_1` FOREIGN KEY (`userid`) REFERENCES `users` (`userid`) ON DELETE CASCADE ON UPDATE CASCADE;

--
-- Constraints for table `story_likes`
--
ALTER TABLE `story_likes`
  ADD CONSTRAINT `story_likes_ibfk_1` FOREIGN KEY (`userid`) REFERENCES `users` (`userid`) ON DELETE CASCADE ON UPDATE CASCADE,
  ADD CONSTRAINT `story_likes_ibfk_2` FOREIGN KEY (`storyid`) REFERENCES `story` (`id`) ON DELETE CASCADE ON UPDATE CASCADE;
COMMIT;

/*!40101 SET CHARACTER_SET_CLIENT=@OLD_CHARACTER_SET_CLIENT */;
/*!40101 SET CHARACTER_SET_RESULTS=@OLD_CHARACTER_SET_RESULTS */;
/*!40101 SET COLLATION_CONNECTION=@OLD_COLLATION_CONNECTION */;
